SEASON_ID,TEAM_ID,TEAM_ABBREVIATION,TEAM_NAME,GAME_ID,GAME_DATE,MATCHUP,WL,MIN,PTS,FGM,FGA,FG_PCT,FG3M,FG3A,FG3_PCT,FTM,FTA,FT_PCT,OREB,DREB,REB,AST,STL,BLK,TOV,PF,PLUS_MINUS,SEASON
22019,1610612760,OKC,Oklahoma City Thunder,0021900011,2019-10-23,OKC @ UTA,L,241,95,32,83,0.386,10,27,0.37,21,31,0.677,7,41,48,15,5,4,13,23,-5.0,2019-20
22019,1610612760,OKC,Oklahoma City Thunder,0021900022,2019-10-25,OKC vs. WAS,L,240,85,33,83,0.398,5,23,0.217,14,22,0.636,7,42,49,14,7,6,18,18,-12.0,2019-20
22019,1610612760,OKC,Oklahoma City Thunder,0021900036,2019-10-27,OKC vs. GSW,W,240,120,44,78,0.564,15,32,0.469,17,22,0.773,8,42,50,24,8,5,23,26,28.0,2019-20
22019,1610612760,OKC,Oklahoma City Thunder,0021900045,2019-10-28,OKC @ HOU,L,241,112,41,94,0.436,13,35,0.371,17,24,0.708,16,36,52,22,7,3,13,27,-4.0,2019-20
22019,1610612760,OKC,Oklahoma City Thunder,0021900062,2019-10-30,OKC vs. POR,L,240,99,33,84,0.393,4,27,0.148,29,37,0.784,13,42,55,15,8,2,18,21,-3.0,2019-20
22019,1610612760,OKC,Oklahoma City Thunder,0021900077,2019-11-02,OKC vs. NOP,W,241,115,41,90,0.456,15,37,0.405,18,23,0.783,8,36,44,20,8,11,12,20,11.0,2019-20
22019,1610612760,OKC,Oklahoma City Thunder,0021900101,2019-11-05,OKC vs. ORL,W,240,102,37,86,0.43,12,33,0.364,16,20,0.8,7,31,38,21,9,5,9,23,8.0,2019-20
22019,1610612760,OKC,Oklahoma City Thunder,0021900113,2019-11-07,OKC @ SAS,L,241,112,42,80,0.525,10,21,0.476,18,24,0.75,4,27,31,26,7,2,13,14,-9.0,2019-20
22019,1610612760,OKC,Oklahoma City Thunder,0021900131,2019-11-09,OKC vs. GSW,W,240,114,43,79,0.544,14,30,0.467,14,17,0.824,7,35,42,30,7,5,18,17,6.0,2019-20
22019,1610612760,OKC,Oklahoma City Thunder,0021900135,2019-11-10,OKC vs. MIL,L,241,119,45,91,0.495,17,42,0.405,12,17,0.706,5,30,35,31,11,4,15,20,-2.0,2019-20
22019,1610612760,OKC,Oklahoma City Thunder,0021900146,2019-11-12,OKC @ IND,L,240,85,29,82,0.354,6,25,0.24,21,24,0.875,9,31,40,19,9,4,15,16,-26.0,2019-20
22019,1610612760,OKC,Oklahoma City Thunder,0021900172,2019-11-15,OKC vs. PHI,W,264,127,41,76,0.539,10,24,0.417,35,41,0.854,6,30,36,22,7,3,13,23,8.0,2019-20
22019,1610612760,OKC,Oklahoma City Thunder,0021900197,2019-11-18,OKC @ LAC,L,240,88,28,75,0.373,7,27,0.259,25,28,0.893,9,36,45,17,12,4,17,19,-2.0,2019-20
22019,1610612760,OKC,Oklahoma City Thunder,0021900201,2019-11-19,OKC @ LAL,L,240,107,38,80,0.475,9,28,0.321,22,25,0.88,8,31,39,22,10,2,15,22,-5.0,2019-20
22019,1610612760,OKC,Oklahoma City Thunder,0021900220,2019-11-22,OKC vs. LAL,L,240,127,49,93,0.527,11,31,0.355,18,20,0.9,6,31,37,28,8,3,11,23,-3.0,2019-20
22019,1610612760,OKC,Oklahoma City Thunder,0021900250,2019-11-25,OKC @ GSW,W,241,100,40,85,0.471,11,32,0.344,9,11,0.818,9,34,43,26,5,13,15,16,3.0,2019-20
22019,1610612760,OKC,Oklahoma City Thunder,0021900265,2019-11-27,OKC @ POR,L,240,119,39,88,0.443,11,35,0.314,30,38,0.789,8,30,38,19,4,2,6,21,-17.0,2019-20
22019,1610612760,OKC,Oklahoma City Thunder,0021900275,2019-11-29,OKC vs. NOP,W,239,109,43,90,0.478,13,34,0.382,10,16,0.625,6,36,42,27,6,8,11,17,5.0,2019-20
22019,1610612760,OKC,Oklahoma City Thunder,0021900289,2019-12-01,OKC @ NOP,W,238,107,38,81,0.469,11,33,0.333,20,26,0.769,5,42,47,19,5,3,11,14,3.0,2019-20
22019,1610612760,OKC,Oklahoma City Thunder,0021900312,2019-12-04,OKC vs. IND,L,239,100,41,84,0.488,9,26,0.346,9,10,0.9,8,29,37,25,3,5,11,19,-7.0,2019-20
22019,1610612760,OKC,Oklahoma City Thunder,0021900326,2019-12-06,OKC vs. MIN,W,265,139,49,88,0.557,5,18,0.278,36,40,0.9,9,30,39,19,8,9,10,20,12.0,2019-20
22019,1610612760,OKC,Oklahoma City Thunder,0021900341,2019-12-08,OKC @ POR,W,239,108,35,85,0.412,11,32,0.344,27,34,0.794,13,41,54,12,7,2,10,22,12.0,2019-20
22019,1610612760,OKC,Oklahoma City Thunder,0021900350,2019-12-09,OKC @ UTA,W,239,104,40,85,0.471,8,28,0.286,16,19,0.842,2,44,46,21,9,7,10,20,14.0,2019-20
22019,1610612760,OKC,Oklahoma City Thunder,0021900365,2019-12-11,OKC @ SAC,L,240,93,34,79,0.43,13,33,0.394,12,18,0.667,7,36,43,24,8,8,15,16,-1.0,2019-20
22019,1610612760,OKC,Oklahoma City Thunder,0021900387,2019-12-14,OKC @ DEN,L,240,102,38,81,0.469,6,23,0.261,20,23,0.87,7,30,37,22,7,3,15,23,-8.0,2019-20
22019,1610612760,OKC,Oklahoma City Thunder,0021900399,2019-12-16,OKC vs. CHI,W,240,109,35,69,0.507,16,34,0.471,23,28,0.821,9,33,42,21,8,6,26,15,3.0,2019-20
22019,1610612760,OKC,Oklahoma City Thunder,0021900412,2019-12-18,OKC vs. MEM,W,240,126,46,84,0.548,7,24,0.292,27,34,0.794,6,29,35,25,6,6,12,16,4.0,2019-20
22019,1610612760,OKC,Oklahoma City Thunder,0021900426,2019-12-20,OKC vs. PHX,W,241,126,49,87,0.563,10,24,0.417,18,21,0.857,8,33,41,23,7,7,15,23,18.0,2019-20
22019,1610612760,OKC,Oklahoma City Thunder,0021900442,2019-12-22,OKC vs. LAC,W,241,118,46,97,0.474,9,27,0.333,17,20,0.85,16,33,49,24,10,4,12,20,6.0,2019-20
22019,1610612760,OKC,Oklahoma City Thunder,0021900462,2019-12-26,OKC vs. MEM,L,240,97,38,92,0.413,10,35,0.286,11,13,0.846,7,27,34,23,11,4,9,14,-13.0,2019-20
22019,1610612760,OKC,Oklahoma City Thunder,0021900467,2019-12-27,OKC @ CHA,W,265,104,40,89,0.449,5,31,0.161,19,31,0.613,10,39,49,19,8,4,14,23,2.0,2019-20
22019,1610612760,OKC,Oklahoma City Thunder,0021900486,2019-12-29,OKC @ TOR,W,241,98,34,78,0.436,10,33,0.303,20,23,0.87,8,35,43,15,8,6,17,14,1.0,2019-20
22019,1610612760,OKC,Oklahoma City Thunder,0021900503,2019-12-31,OKC vs. DAL,W,240,106,39,91,0.429,6,27,0.222,22,28,0.786,18,38,56,18,7,5,11,21,5.0,2019-20
22019,1610612760,OKC,Oklahoma City Thunder,0021900514,2020-01-02,OKC @ SAS,W,240,109,43,89,0.483,9,25,0.36,14,20,0.7,8,35,43,19,7,6,4,14,6.0,2019-20
22019,1610612760,OKC,Oklahoma City Thunder,0021900527,2020-01-04,OKC @ CLE,W,239,121,43,96,0.448,14,37,0.378,21,26,0.808,18,34,52,24,6,4,11,16,15.0,2019-20
22019,1610612760,OKC,Oklahoma City Thunder,0021900541,2020-01-06,OKC @ PHI,L,239,113,40,89,0.449,12,29,0.414,21,31,0.677,14,33,47,17,3,3,12,22,-7.0,2019-20
22019,1610612760,OKC,Oklahoma City Thunder,0021900550,2020-01-07,OKC @ BKN,W,266,111,38,92,0.413,11,37,0.297,24,29,0.828,8,43,51,19,11,3,15,15,8.0,2019-20
22019,1610612760,OKC,Oklahoma City Thunder,0021900566,2020-01-09,OKC vs. HOU,W,241,113,43,87,0.494,11,32,0.344,16,20,0.8,9,43,52,22,8,2,13,13,21.0,2019-20
22019,1610612760,OKC,Oklahoma City Thunder,0021900580,2020-01-11,OKC vs. LAL,L,241,110,43,92,0.467,9,31,0.29,15,17,0.882,5,32,37,23,6,6,7,13,-15.0,2019-20
22019,1610612760,OKC,Oklahoma City Thunder,0021900594,2020-01-13,OKC @ MIN,W,239,117,41,82,0.5,12,30,0.4,23,26,0.885,7,44,51,25,4,6,15,16,13.0,2019-20
22019,1610612760,OKC,Oklahoma City Thunder,0021900609,2020-01-15,OKC vs. TOR,L,242,121,43,85,0.506,16,42,0.381,19,20,0.95,4,27,31,32,14,3,18,17,-9.0,2019-20
22019,1610612760,OKC,Oklahoma City Thunder,0021900623,2020-01-17,OKC vs. MIA,L,239,108,37,84,0.44,18,46,0.391,16,18,0.889,6,29,35,29,4,5,10,20,-7.0,2019-20
22019,1610612760,OKC,Oklahoma City Thunder,0021900635,2020-01-18,OKC vs. POR,W,241,119,43,83,0.518,7,22,0.318,26,36,0.722,12,36,48,25,5,4,12,20,13.0,2019-20
22019,1610612760,OKC,Oklahoma City Thunder,0021900645,2020-01-20,OKC @ HOU,W,240,112,40,92,0.435,12,32,0.375,20,26,0.769,7,40,47,14,8,6,12,18,5.0,2019-20
22019,1610612760,OKC,Oklahoma City Thunder,0021900655,2020-01-22,OKC @ ORL,W,241,120,46,76,0.605,9,19,0.474,19,23,0.826,0,36,36,22,10,7,15,17,6.0,2019-20
22019,1610612760,OKC,Oklahoma City Thunder,0021900677,2020-01-24,OKC vs. ATL,W,239,140,50,86,0.581,14,25,0.56,26,34,0.765,6,39,45,28,6,5,14,20,29.0,2019-20
22019,1610612760,OKC,Oklahoma City Thunder,0021900683,2020-01-25,OKC @ MIN,W,239,113,39,80,0.488,11,24,0.458,24,25,0.96,3,40,43,20,8,9,11,14,9.0,2019-20
22019,1610612760,OKC,Oklahoma City Thunder,0021900697,2020-01-27,OKC vs. DAL,L,242,97,34,86,0.395,12,30,0.4,17,19,0.895,6,42,48,23,2,4,8,11,-10.0,2019-20
22019,1610612760,OKC,Oklahoma City Thunder,0021900713,2020-01-29,OKC @ SAC,W,241,120,44,88,0.5,15,34,0.441,17,20,0.85,10,35,45,32,9,5,13,17,20.0,2019-20
22019,1610612760,OKC,Oklahoma City Thunder,0021900725,2020-01-31,OKC @ PHX,W,240,111,42,97,0.433,7,31,0.226,20,22,0.909,15,26,41,26,13,4,12,24,4.0,2019-20
22019,1610612760,OKC,Oklahoma City Thunder,0021900760,2020-02-05,OKC vs. CLE,W,239,109,38,81,0.469,9,26,0.346,24,30,0.8,5,35,40,21,9,6,12,15,6.0,2019-20
22019,1610612760,OKC,Oklahoma City Thunder,0021900773,2020-02-07,OKC vs. DET,W,240,108,39,76,0.513,5,23,0.217,25,30,0.833,9,33,42,21,4,6,11,23,7.0,2019-20
22019,1610612760,OKC,Oklahoma City Thunder,0021900786,2020-02-09,OKC vs. BOS,L,240,111,39,86,0.453,11,27,0.407,22,29,0.759,12,32,44,14,3,3,10,21,-1.0,2019-20
22019,1610612760,OKC,Oklahoma City Thunder,0021900805,2020-02-11,OKC vs. SAS,L,239,106,39,85,0.459,11,31,0.355,17,21,0.81,6,29,35,19,8,2,13,24,-8.0,2019-20
22019,1610612760,OKC,Oklahoma City Thunder,0021900819,2020-02-13,OKC @ NOP,W,239,123,46,92,0.5,13,27,0.481,18,22,0.818,5,35,40,28,11,5,7,21,5.0,2019-20
22019,1610612760,OKC,Oklahoma City Thunder,0021900831,2020-02-21,OKC vs. DEN,W,240,113,40,87,0.46,9,26,0.346,24,27,0.889,14,30,44,19,12,3,12,19,12.0,2019-20
22019,1610612760,OKC,Oklahoma City Thunder,0021900846,2020-02-23,OKC vs. SAS,W,240,131,50,87,0.575,10,22,0.455,21,24,0.875,6,48,54,28,7,7,12,17,28.0,2019-20
22019,1610612760,OKC,Oklahoma City Thunder,0021900859,2020-02-25,OKC @ CHI,W,239,124,42,76,0.553,14,30,0.467,26,35,0.743,7,30,37,25,8,7,11,17,2.0,2019-20
22019,1610612760,OKC,Oklahoma City Thunder,0021900875,2020-02-27,OKC vs. SAC,W,241,112,41,84,0.488,9,26,0.346,21,29,0.724,10,27,37,20,6,4,9,20,4.0,2019-20
22019,1610612760,OKC,Oklahoma City Thunder,0021900882,2020-02-28,OKC @ MIL,L,240,86,33,91,0.363,6,35,0.171,14,20,0.7,5,31,36,14,8,3,14,15,-47.0,2019-20
22019,1610612760,OKC,Oklahoma City Thunder,0021900912,2020-03-03,OKC vs. LAC,L,240,94,34,81,0.42,9,28,0.321,17,26,0.654,8,35,43,16,7,7,13,22,-15.0,2019-20
22019,1610612760,OKC,Oklahoma City Thunder,0021900918,2020-03-04,OKC @ DET,W,240,114,46,75,0.613,10,24,0.417,12,17,0.706,2,31,33,25,13,8,14,18,7.0,2019-20
22019,1610612760,OKC,Oklahoma City Thunder,0021900932,2020-03-06,OKC @ NYK,W,241,126,47,96,0.49,12,31,0.387,20,25,0.8,10,28,38,26,8,6,4,18,23.0,2019-20
22019,1610612760,OKC,Oklahoma City Thunder,0021900949,2020-03-08,OKC @ BOS,W,239,105,35,79,0.443,10,25,0.4,25,34,0.735,4,35,39,16,9,7,16,22,1.0,2019-20
22019,1610612760,OKC,Oklahoma City Thunder,0021901240,2020-08-01,OKC vs. UTA,W,240,110,41,77,0.532,10,26,0.385,18,24,0.75,11,36,47,19,9,8,21,21,16.0,2019-20
22019,1610612760,OKC,Oklahoma City Thunder,0021901251,2020-08-03,OKC vs. DEN,L,264,113,37,87,0.425,15,36,0.417,24,31,0.774,8,34,42,20,4,5,15,32,-8.0,2019-20
22019,1610612760,OKC,Oklahoma City Thunder,0021901265,2020-08-05,OKC @ LAL,W,242,105,34,79,0.43,5,24,0.208,32,36,0.889,4,48,52,17,9,2,13,23,19.0,2019-20
22019,1610612760,OKC,Oklahoma City Thunder,0021901275,2020-08-07,OKC @ MEM,L,240,92,34,97,0.351,13,43,0.302,11,15,0.733,12,24,36,19,12,2,10,20,-29.0,2019-20
22019,1610612760,OKC,Oklahoma City Thunder,0021901285,2020-08-09,OKC vs. WAS,W,240,121,43,84,0.512,18,39,0.462,17,22,0.773,8,35,43,25,7,3,12,18,18.0,2019-20
22019,1610612760,OKC,Oklahoma City Thunder,0021901292,2020-08-10,OKC @ PHX,L,241,101,35,90,0.389,13,39,0.333,18,21,0.857,8,32,40,24,10,2,19,23,-27.0,2019-20
22019,1610612760,OKC,Oklahoma City Thunder,0021901306,2020-08-12,OKC vs. MIA,W,242,116,39,89,0.438,16,42,0.381,22,27,0.815,14,36,50,20,7,4,16,19,1.0,2019-20
22019,1610612760,OKC,Oklahoma City Thunder,0021901317,2020-08-14,OKC @ LAC,L,264,103,38,106,0.358,14,44,0.318,13,22,0.591,11,37,48,18,5,6,16,29,-4.0,2019-20
22020,1610612760,OKC,Oklahoma City Thunder,0022000022,2020-12-26,OKC @ CHA,W,240,109,40,88,0.455,10,36,0.278,19,24,0.792,9,45,54,25,10,7,16,21,2.0,2020-21
22020,1610612760,OKC,Oklahoma City Thunder,0022000043,2020-12-28,OKC vs. UTA,L,239,109,40,86,0.465,15,38,0.395,14,19,0.737,7,30,37,21,9,5,15,16,-1.0,2020-21
22020,1610612760,OKC,Oklahoma City Thunder,0022000052,2020-12-29,OKC vs. ORL,L,240,107,43,87,0.494,11,34,0.324,10,19,0.526,10,37,47,20,3,7,20,18,-11.0,2020-21
22020,1610612760,OKC,Oklahoma City Thunder,0022000067,2020-12-31,OKC vs. NOP,L,239,80,30,80,0.375,15,48,0.313,5,15,0.333,7,33,40,24,6,3,19,20,-33.0,2020-21
22020,1610612760,OKC,Oklahoma City Thunder,0022000081,2021-01-02,OKC @ ORL,W,240,108,38,86,0.442,13,41,0.317,19,21,0.905,6,46,52,22,5,5,10,17,9.0,2020-21
22020,1610612760,OKC,Oklahoma City Thunder,0022000096,2021-01-04,OKC @ MIA,L,240,90,29,79,0.367,13,48,0.271,19,27,0.704,6,32,38,20,6,4,15,15,-28.0,2020-21
22020,1610612760,OKC,Oklahoma City Thunder,0022000114,2021-01-06,OKC @ NOP,W,241,111,40,87,0.46,19,46,0.413,12,16,0.75,4,34,38,28,10,5,14,18,1.0,2020-21
22020,1610612760,OKC,Oklahoma City Thunder,0022000125,2021-01-08,OKC @ NYK,W,238,101,38,87,0.437,11,34,0.324,14,21,0.667,11,51,62,16,2,7,11,19,12.0,2020-21
22020,1610612760,OKC,Oklahoma City Thunder,0022000143,2021-01-10,OKC @ BKN,W,240,129,49,90,0.544,15,39,0.385,16,17,0.941,3,31,34,24,12,4,10,22,13.0,2020-21
22020,1610612760,OKC,Oklahoma City Thunder,0022000162,2021-01-12,OKC vs. SAS,L,240,102,36,83,0.434,7,26,0.269,23,29,0.793,7,45,52,18,1,5,13,20,-10.0,2020-21
22020,1610612760,OKC,Oklahoma City Thunder,0022000170,2021-01-13,OKC vs. LAL,L,241,99,37,86,0.43,10,31,0.323,15,19,0.789,9,33,42,23,4,6,11,21,-29.0,2020-21
22020,1610612760,OKC,Oklahoma City Thunder,0022000184,2021-01-15,OKC vs. CHI,W,266,127,48,105,0.457,15,45,0.333,16,24,0.667,7,37,44,26,12,2,11,23,2.0,2020-21
22020,1610612760,OKC,Oklahoma City Thunder,0022000213,2021-01-19,OKC @ DEN,L,241,101,36,86,0.419,14,43,0.326,15,23,0.652,9,32,41,22,8,4,19,15,-18.0,2020-21
22020,1610612760,OKC,Oklahoma City Thunder,0022000239,2021-01-22,OKC @ LAC,L,240,106,41,87,0.471,14,42,0.333,10,13,0.769,4,25,29,24,8,1,11,21,-14.0,2020-21
22020,1610612760,OKC,Oklahoma City Thunder,0022000251,2021-01-24,OKC @ LAC,L,241,100,42,95,0.442,7,35,0.2,9,14,0.643,12,39,51,22,7,2,10,19,-8.0,2020-21
22020,1610612760,OKC,Oklahoma City Thunder,0022000267,2021-01-25,OKC @ POR,W,240,125,43,84,0.512,18,40,0.45,21,35,0.6,9,34,43,25,5,6,8,19,3.0,2020-21
22020,1610612760,OKC,Oklahoma City Thunder,0022000281,2021-01-27,OKC @ PHX,W,241,102,38,85,0.447,16,40,0.4,10,14,0.714,5,43,48,21,7,8,14,19,5.0,2020-21
22020,1610612760,OKC,Oklahoma City Thunder,0022000295,2021-01-29,OKC vs. BKN,L,241,125,40,86,0.465,16,38,0.421,29,34,0.853,6,30,36,23,4,4,12,12,-22.0,2020-21
22020,1610612760,OKC,Oklahoma City Thunder,0022000318,2021-02-01,OKC vs. HOU,L,240,106,39,89,0.438,13,34,0.382,15,19,0.789,8,37,45,21,8,8,16,13,-30.0,2020-21
22020,1610612760,OKC,Oklahoma City Thunder,0022000333,2021-02-03,OKC vs. HOU,W,240,104,36,83,0.434,10,33,0.303,22,26,0.846,5,46,51,19,13,5,21,14,17.0,2020-21
22020,1610612760,OKC,Oklahoma City Thunder,0022000348,2021-02-05,OKC vs. MIN,L,240,103,39,85,0.459,13,34,0.382,12,17,0.706,8,36,44,28,10,7,17,7,-3.0,2020-21
22020,1610612760,OKC,Oklahoma City Thunder,0022000359,2021-02-06,OKC vs. MIN,W,239,120,46,90,0.511,12,33,0.364,16,20,0.8,8,35,43,25,8,1,15,19,2.0,2020-21
22020,1610612760,OKC,Oklahoma City Thunder,0022000374,2021-02-08,OKC @ LAL,L,266,112,43,110,0.391,12,38,0.316,14,19,0.737,15,40,55,23,6,4,12,23,-7.0,2020-21
22020,1610612760,OKC,Oklahoma City Thunder,0022000390,2021-02-10,OKC @ LAL,L,266,113,47,100,0.47,7,31,0.226,12,14,0.857,7,39,46,32,11,4,13,23,-1.0,2020-21
22020,1610612760,OKC,Oklahoma City Thunder,0022000401,2021-02-12,OKC @ DEN,L,241,95,36,90,0.4,10,32,0.313,13,17,0.765,12,38,50,26,8,3,12,19,-2.0,2020-21
22020,1610612760,OKC,Oklahoma City Thunder,0022000415,2021-02-14,OKC vs. MIL,W,240,114,45,95,0.474,15,36,0.417,9,16,0.563,12,37,49,32,8,1,13,14,5.0,2020-21
22020,1610612760,OKC,Oklahoma City Thunder,0022000432,2021-02-16,OKC vs. POR,L,241,104,37,85,0.435,10,33,0.303,20,27,0.741,7,39,46,23,6,3,11,16,-11.0,2020-21
22020,1610612760,OKC,Oklahoma City Thunder,0022000562,2021-02-17,OKC @ MEM,L,240,113,35,78,0.449,19,41,0.463,24,28,0.857,6,33,39,25,5,3,18,25,-9.0,2020-21
22020,1610612760,OKC,Oklahoma City Thunder,0022000453,2021-02-19,OKC @ MIL,L,241,85,31,85,0.365,12,40,0.3,11,21,0.524,8,38,46,20,4,5,10,23,-13.0,2020-21
22020,1610612760,OKC,Oklahoma City Thunder,0022000466,2021-02-21,OKC @ CLE,W,240,117,43,79,0.544,13,28,0.464,18,24,0.75,5,32,37,22,9,3,14,18,16.0,2020-21
22020,1610612760,OKC,Oklahoma City Thunder,0022000475,2021-02-22,OKC vs. MIA,L,240,94,32,74,0.432,14,39,0.359,16,19,0.842,5,33,38,20,6,1,17,24,-14.0,2020-21
22020,1610612760,OKC,Oklahoma City Thunder,0022000495,2021-02-24,OKC vs. SAS,W,240,102,37,89,0.416,18,44,0.409,10,11,0.909,10,42,52,21,6,4,17,14,3.0,2020-21
22020,1610612760,OKC,Oklahoma City Thunder,0022000510,2021-02-26,OKC vs. ATL,W,240,118,46,88,0.523,16,42,0.381,10,16,0.625,5,34,39,31,6,2,10,17,9.0,2020-21
22020,1610612760,OKC,Oklahoma City Thunder,0022000518,2021-02-27,OKC vs. DEN,L,241,96,37,88,0.42,11,47,0.234,11,15,0.733,7,30,37,24,7,6,14,16,-30.0,2020-21
22020,1610612760,OKC,Oklahoma City Thunder,0022000549,2021-03-03,OKC @ DAL,L,241,78,29,87,0.333,9,39,0.231,11,17,0.647,8,37,45,13,6,4,13,20,-9.0,2020-21
22020,1610612760,OKC,Oklahoma City Thunder,0022000556,2021-03-04,OKC @ SAS,W,239,107,37,85,0.435,12,40,0.3,21,26,0.808,9,36,45,20,9,4,16,16,5.0,2020-21
22020,1610612760,OKC,Oklahoma City Thunder,0022000575,2021-03-11,OKC vs. DAL,W,241,116,41,91,0.451,16,32,0.5,18,20,0.9,16,39,55,25,2,6,9,24,8.0,2020-21
22020,1610612760,OKC,Oklahoma City Thunder,0022000586,2021-03-13,OKC vs. NYK,L,240,97,37,76,0.487,8,32,0.25,15,21,0.714,5,35,40,22,3,4,18,18,-22.0,2020-21
22020,1610612760,OKC,Oklahoma City Thunder,0022000593,2021-03-14,OKC vs. MEM,W,239,128,42,73,0.575,16,31,0.516,28,34,0.824,8,38,46,26,7,4,24,20,6.0,2020-21
22020,1610612760,OKC,Oklahoma City Thunder,0022000612,2021-03-16,OKC @ CHI,L,240,102,42,90,0.467,7,20,0.35,11,13,0.846,13,30,43,16,9,9,17,15,-21.0,2020-21
22020,1610612760,OKC,Oklahoma City Thunder,0022000626,2021-03-18,OKC @ ATL,L,240,93,34,93,0.366,13,34,0.382,12,16,0.75,11,27,38,18,5,3,9,13,-23.0,2020-21
22020,1610612760,OKC,Oklahoma City Thunder,0022000016,2021-03-21,OKC @ HOU,W,240,114,42,91,0.462,13,39,0.333,17,25,0.68,19,33,52,22,8,2,16,21,2.0,2020-21
22020,1610612760,OKC,Oklahoma City Thunder,0022000654,2021-03-22,OKC @ MIN,W,240,112,41,87,0.471,21,37,0.568,9,10,0.9,9,38,47,27,8,10,14,14,9.0,2020-21
22020,1610612760,OKC,Oklahoma City Thunder,0022000674,2021-03-24,OKC vs. MEM,L,238,107,43,95,0.453,10,35,0.286,11,17,0.647,9,35,44,26,13,8,14,10,-9.0,2020-21
22020,1610612760,OKC,Oklahoma City Thunder,0022000699,2021-03-27,OKC vs. BOS,L,240,94,34,83,0.41,11,38,0.289,15,24,0.625,10,40,50,16,7,4,16,12,-17.0,2020-21
22020,1610612760,OKC,Oklahoma City Thunder,0022000713,2021-03-29,OKC vs. DAL,L,240,106,38,81,0.469,9,26,0.346,21,33,0.636,10,37,47,17,8,4,16,14,-21.0,2020-21
22020,1610612760,OKC,Oklahoma City Thunder,0022000727,2021-03-31,OKC vs. TOR,W,240,113,39,86,0.453,14,33,0.424,21,28,0.75,19,45,64,19,2,6,18,16,10.0,2020-21
22020,1610612760,OKC,Oklahoma City Thunder,0022000744,2021-04-02,OKC @ PHX,L,241,103,35,89,0.393,15,38,0.395,18,23,0.783,11,27,38,19,6,3,16,17,-37.0,2020-21
22020,1610612760,OKC,Oklahoma City Thunder,0022000753,2021-04-03,OKC @ POR,L,240,85,30,85,0.353,8,34,0.235,17,24,0.708,12,34,46,17,4,6,22,21,-48.0,2020-21
22020,1610612760,OKC,Oklahoma City Thunder,0022000766,2021-04-05,OKC vs. DET,L,241,108,41,97,0.423,5,27,0.185,21,25,0.84,13,29,42,17,10,6,15,20,-24.0,2020-21
22020,1610612760,OKC,Oklahoma City Thunder,0022000781,2021-04-07,OKC vs. CHA,L,239,102,37,85,0.435,16,41,0.39,12,17,0.706,11,35,46,29,4,5,22,11,-11.0,2020-21
22020,1610612760,OKC,Oklahoma City Thunder,0022000785,2021-04-08,OKC vs. CLE,L,241,102,40,89,0.449,13,32,0.406,9,13,0.692,11,33,44,28,5,5,15,20,-27.0,2020-21
22020,1610612760,OKC,Oklahoma City Thunder,0022000199,2021-04-10,OKC vs. PHI,L,240,93,38,76,0.5,8,20,0.4,9,19,0.474,6,39,45,21,3,4,22,21,-24.0,2020-21
22020,1610612760,OKC,Oklahoma City Thunder,0022000826,2021-04-13,OKC @ UTA,L,240,96,36,93,0.387,14,34,0.412,10,18,0.556,15,35,50,13,8,1,12,23,-10.0,2020-21
22020,1610612760,OKC,Oklahoma City Thunder,0022000836,2021-04-14,OKC vs. GSW,L,239,109,44,92,0.478,7,27,0.259,14,25,0.56,17,33,50,22,6,2,21,22,-38.0,2020-21
22020,1610612760,OKC,Oklahoma City Thunder,0022000845,2021-04-16,OKC @ DET,L,240,104,39,97,0.402,7,39,0.179,19,26,0.731,18,38,56,19,13,8,21,23,-6.0,2020-21
22020,1610612760,OKC,Oklahoma City Thunder,0022000865,2021-04-18,OKC @ TOR,L,239,106,37,82,0.451,14,33,0.424,18,21,0.857,9,37,46,22,6,8,21,19,-6.0,2020-21
22020,1610612760,OKC,Oklahoma City Thunder,0022000872,2021-04-19,OKC @ WAS,L,239,107,36,83,0.434,13,33,0.394,22,27,0.815,9,39,48,23,6,2,19,26,-12.0,2020-21
22020,1610612760,OKC,Oklahoma City Thunder,0022000882,2021-04-21,OKC @ IND,L,240,116,48,104,0.462,9,29,0.31,11,16,0.688,17,38,55,26,8,3,17,18,-6.0,2020-21
22020,1610612760,OKC,Oklahoma City Thunder,0022000902,2021-04-23,OKC vs. WAS,L,239,109,39,93,0.419,10,33,0.303,21,25,0.84,14,26,40,18,12,7,16,17,-20.0,2020-21
22020,1610612760,OKC,Oklahoma City Thunder,0022000918,2021-04-26,OKC @ PHI,L,240,90,35,78,0.449,7,30,0.233,13,23,0.565,11,27,38,21,11,1,29,16,-31.0,2020-21
22020,1610612760,OKC,Oklahoma City Thunder,0022000927,2021-04-27,OKC @ BOS,W,241,119,39,81,0.481,13,30,0.433,28,36,0.778,10,41,51,25,5,3,27,24,4.0,2020-21
22020,1610612760,OKC,Oklahoma City Thunder,0022000947,2021-04-29,OKC vs. NOP,L,241,95,34,89,0.382,11,39,0.282,16,20,0.8,12,41,53,18,6,4,22,21,-14.0,2020-21
22020,1610612760,OKC,Oklahoma City Thunder,0022000963,2021-05-01,OKC vs. IND,L,240,95,38,111,0.342,8,38,0.211,11,23,0.478,21,27,48,23,8,4,14,15,-57.0,2020-21
22020,1610612760,OKC,Oklahoma City Thunder,0022000972,2021-05-02,OKC vs. PHX,L,241,120,45,92,0.489,13,30,0.433,17,24,0.708,17,30,47,23,7,3,15,22,-3.0,2020-21
22020,1610612760,OKC,Oklahoma City Thunder,0022000988,2021-05-04,OKC vs. SAC,L,241,99,35,98,0.357,11,36,0.306,18,25,0.72,17,40,57,21,5,4,9,14,-4.0,2020-21
22020,1610612760,OKC,Oklahoma City Thunder,0022001001,2021-05-06,OKC @ GSW,L,241,97,36,88,0.409,9,39,0.231,16,20,0.8,5,34,39,21,9,1,9,19,-21.0,2020-21
22020,1610612760,OKC,Oklahoma City Thunder,0022001017,2021-05-08,OKC @ GSW,L,239,97,38,94,0.404,9,37,0.243,12,20,0.6,11,30,41,21,10,1,13,16,-39.0,2020-21
22020,1610612760,OKC,Oklahoma City Thunder,0022001025,2021-05-09,OKC @ SAC,L,240,98,34,87,0.391,11,37,0.297,19,29,0.655,10,28,38,23,9,3,14,18,-28.0,2020-21
22020,1610612760,OKC,Oklahoma City Thunder,0022001040,2021-05-11,OKC @ SAC,L,240,106,39,84,0.464,9,23,0.391,19,28,0.679,9,36,45,22,9,5,18,18,-16.0,2020-21
22020,1610612760,OKC,Oklahoma City Thunder,0022001056,2021-05-14,OKC vs. UTA,L,240,93,36,84,0.429,6,19,0.316,15,16,0.938,10,35,45,13,6,2,15,20,-16.0,2020-21
22020,1610612760,OKC,Oklahoma City Thunder,0022001074,2021-05-16,OKC vs. LAC,W,239,117,50,94,0.532,8,26,0.308,9,16,0.563,14,40,54,20,1,12,15,11,5.0,2020-21
22021,1610612760,OKC,Oklahoma City Thunder,0022100011,2021-10-20,OKC @ UTA,L,239,86,34,91,0.374,7,35,0.2,11,18,0.611,15,35,50,19,4,2,14,15,-21.0,2021-22
22021,1610612760,OKC,Oklahoma City Thunder,0022100023,2021-10-22,OKC @ HOU,L,241,91,34,91,0.374,14,43,0.326,9,16,0.563,8,31,39,22,9,4,19,21,-33.0,2021-22
22021,1610612760,OKC,Oklahoma City Thunder,0022100038,2021-10-24,OKC vs. PHI,L,242,103,40,84,0.476,8,31,0.258,15,19,0.789,6,36,42,24,9,4,11,17,-12.0,2021-22
22021,1610612760,OKC,Oklahoma City Thunder,0022100051,2021-10-26,OKC vs. GSW,L,240,98,36,86,0.419,12,34,0.353,14,17,0.824,9,33,42,19,7,3,13,18,-8.0,2021-22
22021,1610612760,OKC,Oklahoma City Thunder,0022100061,2021-10-27,OKC vs. LAL,W,239,123,43,86,0.5,15,37,0.405,22,29,0.759,10,32,42,21,8,3,15,16,8.0,2021-22
22021,1610612760,OKC,Oklahoma City Thunder,0022100086,2021-10-30,OKC @ GSW,L,238,82,29,83,0.349,8,39,0.205,16,21,0.762,3,42,45,14,8,6,15,8,-21.0,2021-22
22021,1610612760,OKC,Oklahoma City Thunder,0022100102,2021-11-01,OKC @ LAC,L,240,94,35,90,0.389,11,37,0.297,13,16,0.813,10,41,51,17,8,6,16,18,-5.0,2021-22
22021,1610612760,OKC,Oklahoma City Thunder,0022100123,2021-11-04,OKC @ LAL,W,240,107,37,87,0.425,15,41,0.366,18,26,0.692,12,38,50,23,7,2,16,16,3.0,2021-22
22021,1610612760,OKC,Oklahoma City Thunder,0022100144,2021-11-07,OKC vs. SAS,W,239,99,35,94,0.372,12,42,0.286,17,20,0.85,15,42,57,21,5,7,13,14,5.0,2021-22
22021,1610612760,OKC,Oklahoma City Thunder,0022100165,2021-11-10,OKC @ NOP,W,240,108,37,87,0.425,10,34,0.294,24,30,0.8,13,43,56,23,6,4,18,23,8.0,2021-22
22021,1610612760,OKC,Oklahoma City Thunder,0022100180,2021-11-12,OKC vs. SAC,W,240,105,42,99,0.424,10,30,0.333,11,15,0.733,16,36,52,13,8,6,10,18,2.0,2021-22
22021,1610612760,OKC,Oklahoma City Thunder,0022100196,2021-11-14,OKC vs. BKN,L,240,96,36,90,0.4,14,45,0.311,10,11,0.909,10,34,44,20,9,2,14,22,-24.0,2021-22
22021,1610612760,OKC,Oklahoma City Thunder,0022100207,2021-11-15,OKC vs. MIA,L,240,90,34,83,0.41,15,41,0.366,7,10,0.7,9,33,42,26,6,10,20,15,-13.0,2021-22
22021,1610612760,OKC,Oklahoma City Thunder,0022100221,2021-11-17,OKC vs. HOU,W,241,101,41,92,0.446,10,39,0.256,9,16,0.563,9,47,56,18,10,6,10,19,12.0,2021-22
22021,1610612760,OKC,Oklahoma City Thunder,0022100234,2021-11-19,OKC @ MIL,L,240,89,32,91,0.352,12,48,0.25,13,21,0.619,11,42,53,17,6,4,12,22,-7.0,2021-22
22021,1610612760,OKC,Oklahoma City Thunder,0022100243,2021-11-20,OKC @ BOS,L,242,105,39,96,0.406,18,42,0.429,9,16,0.563,15,39,54,23,5,0,9,15,-6.0,2021-22
22021,1610612760,OKC,Oklahoma City Thunder,0022100255,2021-11-22,OKC @ ATL,L,240,101,39,97,0.402,10,38,0.263,13,14,0.929,16,34,50,24,5,5,8,15,-12.0,2021-22
22021,1610612760,OKC,Oklahoma City Thunder,0022100276,2021-11-24,OKC vs. UTA,L,241,104,37,82,0.451,15,36,0.417,15,22,0.682,4,39,43,21,7,4,12,18,-6.0,2021-22
22021,1610612760,OKC,Oklahoma City Thunder,0022100286,2021-11-26,OKC vs. WAS,L,240,99,38,94,0.404,11,33,0.333,12,14,0.857,10,31,41,23,7,4,9,15,-2.0,2021-22
22021,1610612760,OKC,Oklahoma City Thunder,0022100308,2021-11-29,OKC @ HOU,L,240,89,31,87,0.356,7,43,0.163,20,26,0.769,4,41,45,16,10,10,12,14,-13.0,2021-22
22021,1610612760,OKC,Oklahoma City Thunder,0022100326,2021-12-01,OKC vs. HOU,L,240,110,40,85,0.471,8,32,0.25,22,29,0.759,10,25,35,16,9,6,13,21,-4.0,2021-22
22021,1610612760,OKC,Oklahoma City Thunder,0022100330,2021-12-02,OKC @ MEM,L,240,79,25,76,0.329,11,38,0.289,18,22,0.818,8,18,26,14,2,5,19,14,-73.0,2021-22
22021,1610612760,OKC,Oklahoma City Thunder,0022100354,2021-12-06,OKC @ DET,W,240,114,41,82,0.5,9,25,0.36,23,30,0.767,6,34,40,22,10,11,11,13,11.0,2021-22
22021,1610612760,OKC,Oklahoma City Thunder,0022100371,2021-12-08,OKC @ TOR,W,240,110,38,84,0.452,17,40,0.425,17,20,0.85,7,33,40,28,12,3,13,18,1.0,2021-22
22021,1610612760,OKC,Oklahoma City Thunder,0022100389,2021-12-10,OKC vs. LAL,L,241,95,38,96,0.396,10,44,0.227,9,14,0.643,19,32,51,21,9,3,15,17,-21.0,2021-22
22021,1610612760,OKC,Oklahoma City Thunder,0022100400,2021-12-12,OKC vs. DAL,L,240,84,30,80,0.375,13,37,0.351,11,16,0.688,3,36,39,19,3,7,11,25,-19.0,2021-22
22021,1610612760,OKC,Oklahoma City Thunder,0022100422,2021-12-15,OKC vs. NOP,L,241,110,39,93,0.419,13,35,0.371,19,19,1.0,8,34,42,22,8,4,8,25,-3.0,2021-22
22021,1610612760,OKC,Oklahoma City Thunder,0022100444,2021-12-18,OKC vs. LAC,W,240,104,43,92,0.467,12,31,0.387,6,10,0.6,17,38,55,23,4,4,15,18,1.0,2021-22
22021,1610612760,OKC,Oklahoma City Thunder,0022100460,2021-12-20,OKC @ MEM,W,241,102,36,84,0.429,11,38,0.289,19,28,0.679,9,38,47,24,7,7,14,17,3.0,2021-22
22021,1610612760,OKC,Oklahoma City Thunder,0022100474,2021-12-22,OKC vs. DEN,W,240,108,42,94,0.447,8,34,0.235,16,19,0.842,15,45,60,22,7,4,11,25,14.0,2021-22
22021,1610612760,OKC,Oklahoma City Thunder,0022100483,2021-12-23,OKC @ PHX,L,240,101,37,96,0.385,11,41,0.268,16,21,0.762,11,33,44,17,6,5,12,10,-12.0,2021-22
22021,1610612760,OKC,Oklahoma City Thunder,0022100497,2021-12-26,OKC vs. NOP,W,240,117,41,86,0.477,13,36,0.361,22,31,0.71,7,40,47,24,8,5,12,23,5.0,2021-22
22021,1610612760,OKC,Oklahoma City Thunder,0022100515,2021-12-28,OKC @ SAC,L,240,111,35,90,0.389,11,33,0.333,30,36,0.833,8,37,45,16,6,6,9,21,-6.0,2021-22
22021,1610612760,OKC,Oklahoma City Thunder,0022100522,2021-12-29,OKC @ PHX,L,241,97,38,96,0.396,7,35,0.2,14,16,0.875,14,31,45,19,6,1,11,24,-18.0,2021-22
22021,1610612760,OKC,Oklahoma City Thunder,0022100536,2021-12-31,OKC vs. NYK,W,240,95,36,87,0.414,18,43,0.419,5,7,0.714,7,42,49,21,6,3,9,17,15.0,2021-22
22021,1610612760,OKC,Oklahoma City Thunder,0022100550,2022-01-02,OKC vs. DAL,L,240,86,35,85,0.412,10,30,0.333,6,9,0.667,7,34,41,20,11,4,11,16,-9.0,2021-22
22021,1610612760,OKC,Oklahoma City Thunder,0022100574,2022-01-05,OKC @ MIN,L,241,90,33,90,0.367,9,35,0.257,15,18,0.833,14,38,52,21,11,7,17,18,-8.0,2021-22
22021,1610612760,OKC,Oklahoma City Thunder,0022100587,2022-01-07,OKC vs. MIN,L,239,105,36,89,0.404,15,44,0.341,18,23,0.783,13,32,45,26,10,4,19,23,-30.0,2021-22
22021,1610612760,OKC,Oklahoma City Thunder,0022100601,2022-01-09,OKC vs. DEN,L,239,95,38,88,0.432,9,38,0.237,10,12,0.833,11,30,41,29,9,7,9,13,-4.0,2021-22
22021,1610612760,OKC,Oklahoma City Thunder,0022100612,2022-01-11,OKC @ WAS,L,240,118,47,98,0.48,11,39,0.282,13,15,0.867,9,32,41,23,5,1,5,20,-4.0,2021-22
22021,1610612760,OKC,Oklahoma City Thunder,0022100630,2022-01-13,OKC @ BKN,W,240,130,47,91,0.516,20,45,0.444,16,18,0.889,9,29,38,32,8,7,10,19,21.0,2021-22
22021,1610612760,OKC,Oklahoma City Thunder,0022100646,2022-01-15,OKC vs. CLE,L,239,102,36,83,0.434,10,27,0.37,20,22,0.909,14,37,51,17,4,5,15,21,-5.0,2021-22
22021,1610612760,OKC,Oklahoma City Thunder,0022100663,2022-01-17,OKC @ DAL,L,239,102,36,83,0.434,11,35,0.314,19,24,0.792,5,37,42,20,10,2,13,23,-2.0,2021-22
22021,1610612760,OKC,Oklahoma City Thunder,0022100676,2022-01-19,OKC @ SAS,L,240,96,38,98,0.388,8,31,0.258,12,15,0.8,14,32,46,20,5,2,14,14,-22.0,2021-22
22021,1610612760,OKC,Oklahoma City Thunder,0022100684,2022-01-21,OKC @ CHA,L,240,98,37,98,0.378,12,44,0.273,12,15,0.8,15,37,52,20,6,2,11,21,-23.0,2021-22
22021,1610612760,OKC,Oklahoma City Thunder,0022100695,2022-01-22,OKC @ CLE,L,241,87,33,85,0.388,12,41,0.293,9,16,0.563,11,30,41,16,14,3,15,28,-7.0,2021-22
22021,1610612760,OKC,Oklahoma City Thunder,0022100730,2022-01-24,OKC vs. CHI,L,240,110,38,92,0.413,16,45,0.356,18,24,0.75,10,34,44,26,9,5,11,15,-1.0,2021-22
22021,1610612760,OKC,Oklahoma City Thunder,0022100741,2022-01-28,OKC vs. IND,L,265,110,43,95,0.453,14,43,0.326,10,17,0.588,10,33,43,22,12,6,13,27,-3.0,2021-22
22021,1610612760,OKC,Oklahoma City Thunder,0022100765,2022-01-31,OKC vs. POR,W,240,98,35,86,0.407,12,41,0.293,16,17,0.941,11,39,50,22,6,3,12,13,17.0,2021-22
22021,1610612760,OKC,Oklahoma City Thunder,0022100778,2022-02-02,OKC @ DAL,W,266,120,41,86,0.477,17,37,0.459,21,25,0.84,14,36,50,25,6,8,18,16,6.0,2021-22
22021,1610612760,OKC,Oklahoma City Thunder,0022100795,2022-02-04,OKC @ POR,W,240,96,33,87,0.379,15,42,0.357,15,21,0.714,13,39,52,24,5,6,14,18,3.0,2021-22
22021,1610612760,OKC,Oklahoma City Thunder,0022100801,2022-02-05,OKC @ SAC,L,240,103,42,87,0.483,9,30,0.3,10,16,0.625,7,34,41,23,8,1,14,16,-10.0,2021-22
22021,1610612760,OKC,Oklahoma City Thunder,0022100813,2022-02-07,OKC vs. GSW,L,240,98,37,90,0.411,11,36,0.306,13,17,0.765,18,32,50,21,8,2,17,14,-12.0,2021-22
22021,1610612760,OKC,Oklahoma City Thunder,0022100827,2022-02-09,OKC vs. TOR,L,240,98,36,87,0.414,14,47,0.298,12,14,0.857,14,31,45,28,11,4,17,17,-19.0,2021-22
22021,1610612760,OKC,Oklahoma City Thunder,0022100840,2022-02-11,OKC @ PHI,L,242,87,35,90,0.389,6,35,0.171,11,12,0.917,11,41,52,21,6,8,15,21,-13.0,2021-22
22021,1610612760,OKC,Oklahoma City Thunder,0022100852,2022-02-12,OKC @ CHI,L,241,101,34,88,0.386,11,36,0.306,22,30,0.733,7,36,43,22,8,10,8,15,-5.0,2021-22
22021,1610612760,OKC,Oklahoma City Thunder,0022100860,2022-02-14,OKC @ NYK,W,266,127,48,96,0.5,13,34,0.382,18,27,0.667,8,38,46,28,9,1,11,19,4.0,2021-22
22021,1610612760,OKC,Oklahoma City Thunder,0022100881,2022-02-16,OKC vs. SAS,L,240,106,41,105,0.39,11,32,0.344,13,19,0.684,15,35,50,25,6,6,8,19,-8.0,2021-22
22021,1610612760,OKC,Oklahoma City Thunder,0022100893,2022-02-24,OKC vs. PHX,L,242,104,44,93,0.473,6,31,0.194,10,11,0.909,7,35,42,22,10,4,16,19,-20.0,2021-22
22021,1610612760,OKC,Oklahoma City Thunder,0022100897,2022-02-25,OKC @ IND,W,265,129,50,101,0.495,11,31,0.355,18,24,0.75,11,43,54,23,8,3,11,19,4.0,2021-22
22021,1610612760,OKC,Oklahoma City Thunder,0022100925,2022-02-28,OKC vs. SAC,L,240,110,40,86,0.465,11,35,0.314,19,27,0.704,7,31,38,28,12,5,16,26,-21.0,2021-22
22021,1610612760,OKC,Oklahoma City Thunder,0022100938,2022-03-02,OKC @ DEN,W,240,119,44,87,0.506,16,29,0.552,15,21,0.714,9,41,50,24,11,6,14,15,12.0,2021-22
22021,1610612760,OKC,Oklahoma City Thunder,0022100951,2022-03-04,OKC vs. MIN,L,240,101,37,86,0.43,9,35,0.257,18,21,0.857,8,31,39,19,12,4,23,16,-37.0,2021-22
22021,1610612760,OKC,Oklahoma City Thunder,0022100965,2022-03-06,OKC vs. UTA,L,240,103,39,92,0.424,8,40,0.2,17,19,0.895,11,36,47,20,11,9,7,19,-13.0,2021-22
22021,1610612760,OKC,Oklahoma City Thunder,0022100979,2022-03-08,OKC vs. MIL,L,239,115,42,84,0.5,16,39,0.41,15,21,0.714,6,30,36,26,6,5,15,20,-27.0,2021-22
22021,1610612760,OKC,Oklahoma City Thunder,0022100986,2022-03-09,OKC @ MIN,L,240,102,36,87,0.414,14,43,0.326,16,24,0.667,9,33,42,26,8,0,15,18,-30.0,2021-22
22021,1610612760,OKC,Oklahoma City Thunder,0022101018,2022-03-13,OKC vs. MEM,L,241,118,41,97,0.423,13,41,0.317,23,28,0.821,14,30,44,25,7,8,11,21,-7.0,2021-22
22021,1610612760,OKC,Oklahoma City Thunder,0022101023,2022-03-14,OKC vs. CHA,L,239,116,42,90,0.467,16,44,0.364,16,19,0.842,13,36,49,31,4,3,18,19,-18.0,2021-22
22021,1610612760,OKC,Oklahoma City Thunder,0022101040,2022-03-16,OKC @ SAS,L,239,120,43,82,0.524,13,35,0.371,21,29,0.724,10,37,47,24,11,1,17,18,-2.0,2021-22
22021,1610612760,OKC,Oklahoma City Thunder,0022101052,2022-03-18,OKC @ MIA,L,241,108,40,84,0.476,10,34,0.294,18,23,0.783,11,36,47,19,4,5,10,10,-12.0,2021-22
22021,1610612760,OKC,Oklahoma City Thunder,0022101065,2022-03-20,OKC @ ORL,L,240,85,30,92,0.326,13,48,0.271,12,18,0.667,14,33,47,19,13,7,16,24,-5.0,2021-22
22021,1610612760,OKC,Oklahoma City Thunder,0022101078,2022-03-21,OKC vs. BOS,L,241,123,48,93,0.516,17,37,0.459,10,14,0.714,10,32,42,23,5,4,11,26,-9.0,2021-22
22021,1610612760,OKC,Oklahoma City Thunder,0022101091,2022-03-23,OKC vs. ORL,W,239,118,38,79,0.481,17,41,0.415,25,30,0.833,5,39,44,21,6,6,11,16,14.0,2021-22
22021,1610612760,OKC,Oklahoma City Thunder,0022101113,2022-03-26,OKC @ DEN,L,242,107,39,84,0.464,14,36,0.389,15,16,0.938,5,31,36,29,8,5,16,19,-6.0,2021-22
22021,1610612760,OKC,Oklahoma City Thunder,0022101130,2022-03-28,OKC @ POR,W,265,134,48,90,0.533,20,45,0.444,18,25,0.72,11,38,49,32,7,3,20,15,3.0,2021-22
22021,1610612760,OKC,Oklahoma City Thunder,0022101143,2022-03-30,OKC vs. ATL,L,241,118,41,87,0.471,17,41,0.415,19,27,0.704,10,32,42,31,5,2,18,17,-18.0,2021-22
22021,1610612760,OKC,Oklahoma City Thunder,0022101157,2022-04-01,OKC vs. DET,L,242,101,36,84,0.429,11,34,0.324,18,29,0.621,12,42,54,24,1,8,15,15,-9.0,2021-22
22021,1610612760,OKC,Oklahoma City Thunder,0022101174,2022-04-03,OKC vs. PHX,W,240,117,43,87,0.494,17,41,0.415,14,18,0.778,12,42,54,33,7,4,16,18,21.0,2021-22
22021,1610612760,OKC,Oklahoma City Thunder,0022101185,2022-04-05,OKC vs. POR,W,240,98,39,81,0.481,9,29,0.31,11,22,0.5,13,34,47,15,12,12,16,10,4.0,2021-22
22021,1610612760,OKC,Oklahoma City Thunder,0022101194,2022-04-06,OKC @ UTA,L,241,101,37,90,0.411,16,37,0.432,11,17,0.647,11,21,32,27,9,1,10,22,-36.0,2021-22
22021,1610612760,OKC,Oklahoma City Thunder,0022101211,2022-04-08,OKC @ LAL,L,240,101,40,88,0.455,6,29,0.207,15,19,0.789,9,35,44,21,5,3,14,26,-19.0,2021-22
22021,1610612760,OKC,Oklahoma City Thunder,0022101222,2022-04-10,OKC @ LAC,L,239,88,37,98,0.378,9,34,0.265,5,9,0.556,12,28,40,17,6,2,8,16,-50.0,2021-22
22022,1610612760,OKC,Oklahoma City Thunder,0022200010,2022-10-19,OKC @ MIN,L,241,108,38,99,0.384,14,45,0.311,18,22,0.818,16,41,57,22,6,6,13,26,-7.0,2022-23
22022,1610612760,OKC,Oklahoma City Thunder,0022200035,2022-10-22,OKC @ DEN,L,239,117,42,94,0.447,15,38,0.395,18,23,0.783,10,37,47,29,10,5,12,27,-5.0,2022-23
22022,1610612760,OKC,Oklahoma City Thunder,0022200041,2022-10-23,OKC vs. MIN,L,240,106,41,94,0.436,9,41,0.22,15,21,0.714,11,31,42,24,7,4,11,15,-10.0,2022-23
22022,1610612760,OKC,Oklahoma City Thunder,0022200054,2022-10-25,OKC vs. LAC,W,239,108,42,110,0.382,4,30,0.133,20,25,0.8,21,39,60,19,12,8,5,13,14.0,2022-23
22022,1610612760,OKC,Oklahoma City Thunder,0022200067,2022-10-27,OKC vs. LAC,W,240,118,47,95,0.495,17,38,0.447,7,8,0.875,13,23,36,27,10,4,11,21,8.0,2022-23
22022,1610612760,OKC,Oklahoma City Thunder,0022200086,2022-10-29,OKC @ DAL,W,265,117,44,89,0.494,5,25,0.2,24,31,0.774,9,38,47,25,9,6,15,29,6.0,2022-23
22022,1610612760,OKC,Oklahoma City Thunder,0022200105,2022-11-01,OKC vs. ORL,W,241,116,45,95,0.474,10,34,0.294,16,20,0.8,8,28,36,28,13,9,15,17,8.0,2022-23
22022,1610612760,OKC,Oklahoma City Thunder,0022200119,2022-11-03,OKC vs. DEN,L,240,110,45,93,0.484,6,29,0.207,14,19,0.737,10,30,40,19,9,5,10,19,-12.0,2022-23
22022,1610612760,OKC,Oklahoma City Thunder,0022200136,2022-11-05,OKC @ MIL,L,241,94,36,84,0.429,12,35,0.343,10,16,0.625,9,29,38,22,6,3,15,18,-14.0,2022-23
22022,1610612760,OKC,Oklahoma City Thunder,0022200146,2022-11-07,OKC @ DET,L,240,103,41,102,0.402,10,33,0.303,11,17,0.647,16,30,46,23,9,11,10,26,-9.0,2022-23
22022,1610612760,OKC,Oklahoma City Thunder,0022200168,2022-11-09,OKC vs. MIL,L,291,132,50,111,0.45,18,45,0.4,14,19,0.737,16,39,55,24,9,9,13,26,-4.0,2022-23
22022,1610612760,OKC,Oklahoma City Thunder,0022200179,2022-11-11,OKC vs. TOR,W,240,132,52,93,0.559,15,36,0.417,13,17,0.765,15,29,44,31,10,6,19,27,19.0,2022-23
22022,1610612760,OKC,Oklahoma City Thunder,0022200192,2022-11-13,OKC @ NYK,W,239,145,55,88,0.625,17,31,0.548,18,20,0.9,4,34,38,31,9,5,19,27,10.0,2022-23
22022,1610612760,OKC,Oklahoma City Thunder,0022200201,2022-11-14,OKC @ BOS,L,239,122,47,98,0.48,11,30,0.367,17,21,0.81,10,41,51,21,4,6,19,21,-4.0,2022-23
22022,1610612760,OKC,Oklahoma City Thunder,0022200213,2022-11-16,OKC @ WAS,W,241,121,44,81,0.543,16,31,0.516,17,26,0.654,9,28,37,24,4,7,15,22,1.0,2022-23
22022,1610612760,OKC,Oklahoma City Thunder,0022200229,2022-11-18,OKC @ MEM,L,241,110,45,96,0.469,11,34,0.324,9,11,0.818,8,35,43,34,5,9,10,28,-11.0,2022-23
22022,1610612760,OKC,Oklahoma City Thunder,0022200254,2022-11-21,OKC vs. NYK,L,241,119,43,88,0.489,8,24,0.333,25,32,0.781,11,27,38,25,5,5,14,18,-10.0,2022-23
22022,1610612760,OKC,Oklahoma City Thunder,0022200268,2022-11-23,OKC vs. DEN,L,267,126,42,97,0.433,18,40,0.45,24,28,0.857,12,27,39,26,6,7,9,27,-5.0,2022-23
22022,1610612760,OKC,Oklahoma City Thunder,0022200281,2022-11-25,OKC vs. CHI,W,265,123,44,95,0.463,7,29,0.241,28,32,0.875,10,40,50,24,7,5,13,21,4.0,2022-23
22022,1610612760,OKC,Oklahoma City Thunder,0022200287,2022-11-26,OKC @ HOU,L,242,105,38,97,0.392,10,44,0.227,19,23,0.826,16,25,41,19,12,3,15,15,-13.0,2022-23
22022,1610612760,OKC,Oklahoma City Thunder,0022200304,2022-11-28,OKC @ NOP,L,241,101,34,92,0.37,12,38,0.316,21,23,0.913,18,29,47,16,11,4,19,22,-4.0,2022-23
22022,1610612760,OKC,Oklahoma City Thunder,0022200319,2022-11-30,OKC vs. SAS,W,242,119,48,94,0.511,9,27,0.333,14,21,0.667,15,37,52,17,4,4,11,20,8.0,2022-23
22022,1610612760,OKC,Oklahoma City Thunder,0022200341,2022-12-03,OKC @ MIN,W,240,135,48,93,0.516,11,26,0.423,28,35,0.8,13,29,42,26,11,5,21,18,7.0,2022-23
22022,1610612760,OKC,Oklahoma City Thunder,0022200354,2022-12-05,OKC @ ATL,W,240,121,43,95,0.453,12,34,0.353,23,24,0.958,14,35,49,25,8,4,16,19,7.0,2022-23
22022,1610612760,OKC,Oklahoma City Thunder,0022200368,2022-12-07,OKC @ MEM,L,241,102,34,92,0.37,14,38,0.368,20,23,0.87,14,34,48,25,9,3,18,16,-21.0,2022-23
22022,1610612760,OKC,Oklahoma City Thunder,0022200390,2022-12-10,OKC @ CLE,L,239,102,38,83,0.458,10,29,0.345,16,20,0.8,7,33,40,25,8,6,10,26,-8.0,2022-23
22022,1610612760,OKC,Oklahoma City Thunder,0022200405,2022-12-12,OKC @ DAL,L,240,114,42,88,0.477,10,31,0.323,20,21,0.952,10,32,42,21,4,1,13,22,-7.0,2022-23
22022,1610612760,OKC,Oklahoma City Thunder,0022200419,2022-12-14,OKC vs. MIA,L,241,108,41,82,0.5,9,24,0.375,17,23,0.739,7,37,44,26,7,4,14,16,-2.0,2022-23
22022,1610612760,OKC,Oklahoma City Thunder,0022200435,2022-12-16,OKC vs. MIN,L,240,110,41,88,0.466,11,37,0.297,17,21,0.81,9,36,45,29,7,4,22,21,-2.0,2022-23
22022,1610612760,OKC,Oklahoma City Thunder,0022200443,2022-12-17,OKC vs. MEM,W,240,115,38,92,0.413,19,45,0.422,20,31,0.645,9,44,53,29,7,0,9,25,6.0,2022-23
22022,1610612760,OKC,Oklahoma City Thunder,0022200458,2022-12-19,OKC vs. POR,W,239,123,40,88,0.455,11,31,0.355,32,37,0.865,11,28,39,20,7,5,10,21,2.0,2022-23
22022,1610612760,OKC,Oklahoma City Thunder,0022200474,2022-12-21,OKC vs. POR,W,240,101,36,77,0.468,8,24,0.333,21,25,0.84,9,28,37,19,9,3,18,16,3.0,2022-23
22022,1610612760,OKC,Oklahoma City Thunder,0022200488,2022-12-23,OKC vs. NOP,L,265,125,47,102,0.461,13,35,0.371,18,25,0.72,10,37,47,27,9,5,18,26,-3.0,2022-23
22022,1610612760,OKC,Oklahoma City Thunder,0022200511,2022-12-27,OKC vs. SAS,W,239,130,46,86,0.535,13,24,0.542,25,31,0.806,13,32,45,25,10,10,12,18,16.0,2022-23
22022,1610612760,OKC,Oklahoma City Thunder,0022200523,2022-12-29,OKC @ CHA,L,239,113,42,99,0.424,11,36,0.306,18,21,0.857,11,30,41,15,9,1,12,27,-8.0,2022-23
22022,1610612760,OKC,Oklahoma City Thunder,0022200545,2022-12-31,OKC vs. PHI,L,240,96,35,92,0.38,12,36,0.333,14,22,0.636,15,35,50,16,7,6,16,21,-19.0,2022-23
22022,1610612760,OKC,Oklahoma City Thunder,0022200562,2023-01-03,OKC vs. BOS,W,239,150,58,98,0.592,20,40,0.5,14,22,0.636,9,35,44,31,14,3,13,23,33.0,2022-23
22022,1610612760,OKC,Oklahoma City Thunder,0022200566,2023-01-04,OKC @ ORL,L,240,115,36,89,0.404,15,37,0.405,28,31,0.903,9,24,33,23,9,3,9,23,-11.0,2022-23
22022,1610612760,OKC,Oklahoma City Thunder,0022200584,2023-01-06,OKC vs. WAS,W,241,127,50,98,0.51,17,37,0.459,10,14,0.714,11,30,41,30,9,6,9,26,17.0,2022-23
22022,1610612760,OKC,Oklahoma City Thunder,0022200602,2023-01-08,OKC vs. DAL,W,240,120,46,95,0.484,12,28,0.429,16,20,0.8,13,35,48,27,5,8,8,26,11.0,2022-23
22022,1610612760,OKC,Oklahoma City Thunder,0022200611,2023-01-10,OKC @ MIA,L,241,111,44,91,0.484,9,35,0.257,14,21,0.667,14,30,44,27,8,3,18,27,-1.0,2022-23
22022,1610612760,OKC,Oklahoma City Thunder,0022200626,2023-01-12,OKC @ PHI,W,240,133,44,86,0.512,14,33,0.424,31,33,0.939,5,34,39,28,7,6,11,22,19.0,2022-23
22022,1610612760,OKC,Oklahoma City Thunder,0022200636,2023-01-13,OKC @ CHI,W,241,124,47,92,0.511,11,33,0.333,19,22,0.864,12,34,46,22,12,6,10,19,14.0,2022-23
22022,1610612760,OKC,Oklahoma City Thunder,0022200651,2023-01-15,OKC @ BKN,W,242,112,40,90,0.444,12,31,0.387,20,26,0.769,11,39,50,21,5,7,8,14,10.0,2022-23
22022,1610612760,OKC,Oklahoma City Thunder,0022200674,2023-01-18,OKC vs. IND,W,242,126,47,93,0.505,16,38,0.421,16,21,0.762,13,29,42,41,12,7,17,25,20.0,2022-23
22022,1610612760,OKC,Oklahoma City Thunder,0022200691,2023-01-20,OKC @ SAC,L,240,113,45,93,0.484,16,40,0.4,7,11,0.636,8,28,36,21,4,1,9,20,-5.0,2022-23
22022,1610612760,OKC,Oklahoma City Thunder,0022200702,2023-01-22,OKC @ DEN,W,241,101,40,89,0.449,7,26,0.269,14,16,0.875,14,36,50,21,4,5,8,24,2.0,2022-23
22022,1610612760,OKC,Oklahoma City Thunder,0022200725,2023-01-25,OKC vs. ATL,L,240,132,53,102,0.52,15,34,0.441,11,16,0.688,12,25,37,31,12,2,11,23,-5.0,2022-23
22022,1610612760,OKC,Oklahoma City Thunder,0022200739,2023-01-27,OKC vs. CLE,W,240,112,40,76,0.526,10,18,0.556,22,25,0.88,10,36,46,19,5,2,14,17,12.0,2022-23
22022,1610612760,OKC,Oklahoma City Thunder,0022200759,2023-01-30,OKC vs. GSW,L,240,120,46,93,0.495,11,24,0.458,17,20,0.85,8,35,43,23,10,4,16,18,-8.0,2022-23
22022,1610612760,OKC,Oklahoma City Thunder,0022200773,2023-02-01,OKC @ HOU,L,240,106,38,103,0.369,12,43,0.279,18,22,0.818,24,28,52,22,11,6,10,23,-6.0,2022-23
22022,1610612760,OKC,Oklahoma City Thunder,0022200799,2023-02-04,OKC vs. HOU,W,241,153,56,97,0.577,21,46,0.457,20,23,0.87,9,33,42,39,11,6,8,19,32.0,2022-23
22022,1610612760,OKC,Oklahoma City Thunder,0022200814,2023-02-06,OKC @ GSW,L,239,114,44,91,0.484,11,32,0.344,15,21,0.714,7,29,36,21,8,3,11,10,-27.0,2022-23
22022,1610612760,OKC,Oklahoma City Thunder,0022200821,2023-02-07,OKC @ LAL,W,241,133,49,94,0.521,17,34,0.5,18,20,0.9,7,30,37,32,12,2,12,18,3.0,2022-23
22022,1610612760,OKC,Oklahoma City Thunder,0022200843,2023-02-10,OKC @ POR,W,239,138,47,83,0.566,12,24,0.5,32,35,0.914,10,19,29,29,9,3,10,26,9.0,2022-23
22022,1610612760,OKC,Oklahoma City Thunder,0022200864,2023-02-13,OKC vs. NOP,L,240,100,38,90,0.422,9,33,0.273,15,18,0.833,14,29,43,20,8,3,16,17,-3.0,2022-23
22022,1610612760,OKC,Oklahoma City Thunder,0022200880,2023-02-15,OKC vs. HOU,W,240,133,42,87,0.483,9,34,0.265,40,47,0.851,10,39,49,21,8,4,10,21,37.0,2022-23
22022,1610612760,OKC,Oklahoma City Thunder,0022200892,2023-02-23,OKC @ UTA,L,266,119,45,112,0.402,8,37,0.216,21,27,0.778,20,34,54,23,8,3,10,23,-1.0,2022-23
22022,1610612760,OKC,Oklahoma City Thunder,0022200899,2023-02-24,OKC @ PHX,L,241,115,41,95,0.432,15,38,0.395,18,24,0.75,14,33,47,27,5,2,9,21,-9.0,2022-23
22022,1610612760,OKC,Oklahoma City Thunder,0022200915,2023-02-26,OKC vs. SAC,L,238,115,41,86,0.477,16,40,0.4,17,23,0.739,9,28,37,24,10,0,14,19,-9.0,2022-23
22022,1610612760,OKC,Oklahoma City Thunder,0022200928,2023-02-28,OKC vs. SAC,L,239,117,43,98,0.439,11,35,0.314,20,24,0.833,12,30,42,28,9,1,10,23,-6.0,2022-23
22022,1610612760,OKC,Oklahoma City Thunder,0022200940,2023-03-01,OKC vs. LAL,L,239,117,44,91,0.484,11,40,0.275,18,24,0.75,12,30,42,29,8,4,11,27,-6.0,2022-23
22022,1610612760,OKC,Oklahoma City Thunder,0022200951,2023-03-03,OKC vs. UTA,W,241,130,52,104,0.5,17,43,0.395,9,14,0.643,11,29,40,31,12,5,7,22,27.0,2022-23
22022,1610612760,OKC,Oklahoma City Thunder,0022200968,2023-03-05,OKC vs. UTA,W,241,129,44,87,0.506,14,37,0.378,27,33,0.818,11,31,42,24,9,4,12,20,10.0,2022-23
22022,1610612760,OKC,Oklahoma City Thunder,0022200982,2023-03-07,OKC vs. GSW,W,240,137,50,94,0.532,17,37,0.459,20,24,0.833,13,31,44,28,10,2,15,17,9.0,2022-23
22022,1610612760,OKC,Oklahoma City Thunder,0022200990,2023-03-08,OKC @ PHX,L,241,101,33,88,0.375,15,43,0.349,20,21,0.952,7,30,37,23,9,2,16,13,-31.0,2022-23
22022,1610612760,OKC,Oklahoma City Thunder,0022201011,2023-03-11,OKC @ NOP,W,240,110,37,80,0.463,9,28,0.321,27,32,0.844,4,34,38,17,11,2,11,17,14.0,2022-23
22022,1610612760,OKC,Oklahoma City Thunder,0022201018,2023-03-12,OKC @ SAS,W,241,102,36,95,0.379,10,39,0.256,20,23,0.87,12,43,55,26,8,3,9,19,12.0,2022-23
22022,1610612760,OKC,Oklahoma City Thunder,0022201031,2023-03-14,OKC vs. BKN,W,239,121,45,99,0.455,11,33,0.333,20,23,0.87,14,37,51,22,9,0,9,25,14.0,2022-23
22022,1610612760,OKC,Oklahoma City Thunder,0022201044,2023-03-16,OKC @ TOR,L,239,111,40,94,0.426,13,31,0.419,18,20,0.9,11,28,39,18,5,4,13,17,-17.0,2022-23
22022,1610612760,OKC,Oklahoma City Thunder,0022201064,2023-03-19,OKC vs. PHX,W,240,124,42,84,0.5,11,28,0.393,29,36,0.806,6,38,44,20,8,3,15,20,4.0,2022-23
22022,1610612760,OKC,Oklahoma City Thunder,0022201082,2023-03-21,OKC @ LAC,W,239,101,39,93,0.419,10,37,0.27,13,14,0.929,12,35,47,19,2,4,11,21,1.0,2022-23
22022,1610612760,OKC,Oklahoma City Thunder,0022201096,2023-03-23,OKC @ LAC,L,240,105,41,93,0.441,13,39,0.333,10,11,0.909,13,27,40,24,6,3,14,20,-22.0,2022-23
22022,1610612760,OKC,Oklahoma City Thunder,0022201106,2023-03-24,OKC @ LAL,L,240,111,40,92,0.435,14,36,0.389,17,19,0.895,12,33,45,21,6,5,10,19,-5.0,2022-23
22022,1610612760,OKC,Oklahoma City Thunder,0022201120,2023-03-26,OKC @ POR,W,240,118,41,94,0.436,12,35,0.343,24,28,0.857,13,29,42,23,13,2,11,19,6.0,2022-23
22022,1610612760,OKC,Oklahoma City Thunder,0022201134,2023-03-28,OKC vs. CHA,L,241,134,50,96,0.521,11,30,0.367,23,29,0.793,7,32,39,25,11,3,11,21,-3.0,2022-23
22022,1610612760,OKC,Oklahoma City Thunder,0022201142,2023-03-29,OKC vs. DET,W,239,107,39,87,0.448,10,29,0.345,19,25,0.76,10,28,38,19,7,3,9,18,1.0,2022-23
22022,1610612760,OKC,Oklahoma City Thunder,0022201149,2023-03-31,OKC @ IND,L,240,117,42,88,0.477,4,30,0.133,29,34,0.853,11,34,45,21,10,3,10,24,-4.0,2022-23
22022,1610612760,OKC,Oklahoma City Thunder,0022201172,2023-04-02,OKC vs. PHX,L,240,118,36,88,0.409,11,32,0.344,35,41,0.854,13,28,41,21,7,0,8,23,-10.0,2022-23
22022,1610612760,OKC,Oklahoma City Thunder,0022201187,2023-04-04,OKC @ GSW,L,241,125,44,93,0.473,11,32,0.344,26,35,0.743,13,25,38,23,4,1,10,22,-11.0,2022-23
22022,1610612760,OKC,Oklahoma City Thunder,0022201200,2023-04-06,OKC @ UTA,W,242,114,39,97,0.402,15,45,0.333,21,26,0.808,17,33,50,29,12,2,12,17,16.0,2022-23
22022,1610612760,OKC,Oklahoma City Thunder,0022201226,2023-04-09,OKC vs. MEM,W,240,115,45,90,0.5,12,36,0.333,13,16,0.813,8,41,49,30,5,2,14,17,15.0,2022-23
22023,1610612760,OKC,Oklahoma City Thunder,0022300070,2023-10-25,OKC @ CHI,W,242,124,45,82,0.549,19,39,0.487,15,18,0.833,5,38,43,30,6,4,15,19,20.0,2023-24
22023,1610612760,OKC,Oklahoma City Thunder,0022300081,2023-10-27,OKC @ CLE,W,239,108,40,87,0.46,13,26,0.5,15,19,0.789,6,41,47,22,8,10,18,17,3.0,2023-24
22023,1610612760,OKC,Oklahoma City Thunder,0022300095,2023-10-29,OKC vs. DEN,L,241,95,37,90,0.411,6,32,0.188,15,18,0.833,7,22,29,22,8,4,9,14,-33.0,2023-24
22023,1610612760,OKC,Oklahoma City Thunder,0022300109,2023-10-30,OKC vs. DET,W,240,124,44,83,0.53,13,29,0.448,23,28,0.821,6,38,44,21,9,10,15,19,12.0,2023-24
22023,1610612760,OKC,Oklahoma City Thunder,0022300121,2023-11-01,OKC vs. NOP,L,240,106,38,88,0.432,7,34,0.206,23,25,0.92,6,43,49,23,6,5,14,24,-6.0,2023-24
22023,1610612760,OKC,Oklahoma City Thunder,0022300005,2023-11-03,OKC vs. GSW,L,239,139,50,83,0.602,15,29,0.517,24,30,0.8,7,25,32,26,3,1,19,20,-2.0,2023-24
22023,1610612760,OKC,Oklahoma City Thunder,0022300155,2023-11-06,OKC vs. ATL,W,240,126,45,94,0.479,14,35,0.4,22,23,0.957,11,38,49,27,7,7,13,22,9.0,2023-24
22023,1610612760,OKC,Oklahoma City Thunder,0022300167,2023-11-08,OKC vs. CLE,W,241,128,44,86,0.512,12,28,0.429,28,30,0.933,12,29,41,23,10,8,14,27,8.0,2023-24
22023,1610612760,OKC,Oklahoma City Thunder,0022300016,2023-11-10,OKC @ SAC,L,240,98,39,87,0.448,7,30,0.233,13,16,0.813,5,33,38,22,9,5,16,15,-7.0,2023-24
22023,1610612760,OKC,Oklahoma City Thunder,0022300185,2023-11-12,OKC @ PHX,W,240,111,40,82,0.488,10,27,0.37,21,25,0.84,6,27,33,23,9,8,7,21,12.0,2023-24
22023,1610612760,OKC,Oklahoma City Thunder,0022300021,2023-11-14,OKC vs. SAS,W,241,123,46,89,0.517,15,39,0.385,16,20,0.8,4,36,40,34,19,6,15,17,36.0,2023-24
22023,1610612760,OKC,Oklahoma City Thunder,0022300201,2023-11-16,OKC @ GSW,W,240,128,44,87,0.506,19,32,0.594,21,23,0.913,7,35,42,31,10,3,12,20,19.0,2023-24
22023,1610612760,OKC,Oklahoma City Thunder,0022300207,2023-11-18,OKC @ GSW,W,265,130,52,100,0.52,8,23,0.348,18,20,0.9,9,38,47,26,8,7,10,16,7.0,2023-24
22023,1610612760,OKC,Oklahoma City Thunder,0022300215,2023-11-19,OKC @ POR,W,242,134,49,81,0.605,22,36,0.611,14,14,1.0,10,33,43,28,8,3,17,18,43.0,2023-24
22023,1610612760,OKC,Oklahoma City Thunder,0022300234,2023-11-22,OKC vs. CHI,W,241,116,37,75,0.493,11,29,0.379,31,38,0.816,11,34,45,24,4,12,12,17,14.0,2023-24
22023,1610612760,OKC,Oklahoma City Thunder,0022300239,2023-11-25,OKC vs. PHI,L,242,123,43,98,0.439,16,43,0.372,21,26,0.808,13,25,38,29,3,3,4,27,-4.0,2023-24
22023,1610612760,OKC,Oklahoma City Thunder,0022300058,2023-11-28,OKC @ MIN,L,240,103,37,90,0.411,11,30,0.367,18,23,0.783,9,27,36,22,8,4,8,23,-3.0,2023-24
22023,1610612760,OKC,Oklahoma City Thunder,0022300271,2023-11-30,OKC vs. LAL,W,240,133,50,94,0.532,14,42,0.333,19,22,0.864,8,40,48,29,9,6,7,24,23.0,2023-24
22023,1610612760,OKC,Oklahoma City Thunder,0022300287,2023-12-02,OKC @ DAL,W,241,126,44,100,0.44,20,44,0.455,18,22,0.818,16,34,50,24,8,5,12,24,6.0,2023-24
22023,1610612760,OKC,Oklahoma City Thunder,0022301212,2023-12-06,OKC @ HOU,L,241,101,37,87,0.425,8,29,0.276,19,24,0.792,4,26,30,22,14,10,8,21,-9.0,2023-24
22023,1610612760,OKC,Oklahoma City Thunder,0022301222,2023-12-08,OKC vs. GSW,W,265,138,51,98,0.52,5,29,0.172,31,36,0.861,11,28,39,15,17,7,9,22,2.0,2023-24
22023,1610612760,OKC,Oklahoma City Thunder,0022300302,2023-12-11,OKC vs. UTA,W,241,134,50,96,0.521,18,38,0.474,16,17,0.941,7,32,39,35,9,7,12,17,14.0,2023-24
22023,1610612760,OKC,Oklahoma City Thunder,0022300324,2023-12-14,OKC @ SAC,L,240,123,44,102,0.431,11,36,0.306,24,27,0.889,16,28,44,26,8,7,13,25,-5.0,2023-24
22023,1610612760,OKC,Oklahoma City Thunder,0022300340,2023-12-16,OKC @ DEN,W,240,118,43,84,0.512,7,21,0.333,25,30,0.833,9,31,40,22,4,9,10,19,1.0,2023-24
22023,1610612760,OKC,Oklahoma City Thunder,0022300355,2023-12-18,OKC vs. MEM,W,238,116,42,92,0.457,11,36,0.306,21,23,0.913,10,43,53,31,11,10,12,18,19.0,2023-24
22023,1610612760,OKC,Oklahoma City Thunder,0022300379,2023-12-21,OKC vs. LAC,W,240,134,51,87,0.586,16,34,0.471,16,18,0.889,6,32,38,35,9,5,11,11,19.0,2023-24
22023,1610612760,OKC,Oklahoma City Thunder,0022300397,2023-12-23,OKC vs. LAL,L,239,120,46,95,0.484,13,41,0.317,15,19,0.789,11,31,42,24,6,7,9,17,-9.0,2023-24
22023,1610612760,OKC,Oklahoma City Thunder,0022300411,2023-12-26,OKC vs. MIN,W,239,129,49,81,0.605,18,39,0.462,13,16,0.813,3,26,29,35,9,7,11,24,23.0,2023-24
22023,1610612760,OKC,Oklahoma City Thunder,0022300419,2023-12-27,OKC vs. NYK,W,240,129,49,90,0.544,14,32,0.438,17,22,0.773,3,24,27,20,6,10,4,21,9.0,2023-24
22023,1610612760,OKC,Oklahoma City Thunder,0022300435,2023-12-29,OKC @ DEN,W,240,119,46,91,0.505,12,35,0.343,15,16,0.938,10,41,51,29,10,8,11,20,26.0,2023-24
22023,1610612760,OKC,Oklahoma City Thunder,0022300447,2023-12-31,OKC vs. BKN,W,242,124,45,83,0.542,18,33,0.545,16,20,0.8,5,41,46,31,1,6,13,24,16.0,2023-24
22023,1610612760,OKC,Oklahoma City Thunder,0022300462,2024-01-02,OKC vs. BOS,W,240,127,48,91,0.527,18,40,0.45,13,17,0.765,10,28,38,34,7,10,10,22,4.0,2023-24
22023,1610612760,OKC,Oklahoma City Thunder,0022300467,2024-01-03,OKC @ ATL,L,240,138,50,91,0.549,18,36,0.5,20,26,0.769,9,28,37,30,10,1,13,23,-3.0,2023-24
22023,1610612760,OKC,Oklahoma City Thunder,0022300481,2024-01-05,OKC @ BKN,L,241,115,45,84,0.536,9,31,0.29,16,24,0.667,7,29,36,29,8,5,13,26,-9.0,2023-24
22023,1610612760,OKC,Oklahoma City Thunder,0022300508,2024-01-08,OKC @ WAS,W,240,136,52,88,0.591,14,28,0.5,18,24,0.75,10,30,40,37,11,7,14,21,8.0,2023-24
22023,1610612760,OKC,Oklahoma City Thunder,0022300522,2024-01-10,OKC @ MIA,W,240,128,51,86,0.593,14,33,0.424,12,16,0.75,4,38,42,36,4,4,12,19,8.0,2023-24
22023,1610612760,OKC,Oklahoma City Thunder,0022300529,2024-01-11,OKC vs. POR,W,241,139,53,93,0.57,14,35,0.4,19,22,0.864,8,51,59,41,6,8,12,10,62.0,2023-24
22023,1610612760,OKC,Oklahoma City Thunder,0022300546,2024-01-13,OKC vs. ORL,W,239,112,43,94,0.457,8,36,0.222,18,21,0.857,12,34,46,23,9,4,8,19,12.0,2023-24
22023,1610612760,OKC,Oklahoma City Thunder,0022300565,2024-01-15,OKC @ LAL,L,240,105,40,96,0.417,15,49,0.306,10,11,0.909,13,27,40,23,11,6,11,18,-7.0,2023-24
22023,1610612760,OKC,Oklahoma City Thunder,0022300568,2024-01-16,OKC @ LAC,L,239,117,42,83,0.506,16,34,0.471,17,20,0.85,9,26,35,30,5,5,12,19,-11.0,2023-24
22023,1610612760,OKC,Oklahoma City Thunder,0022300581,2024-01-18,OKC @ UTA,W,240,134,48,86,0.558,14,32,0.438,24,28,0.857,7,31,38,36,8,10,15,29,5.0,2023-24
22023,1610612760,OKC,Oklahoma City Thunder,0022300599,2024-01-20,OKC @ MIN,W,241,102,32,81,0.395,8,24,0.333,30,35,0.857,9,28,37,21,12,4,8,20,5.0,2023-24
22023,1610612760,OKC,Oklahoma City Thunder,0022300617,2024-01-23,OKC vs. POR,W,240,111,43,89,0.483,7,23,0.304,18,28,0.643,10,33,43,23,9,10,12,18,2.0,2023-24
22023,1610612760,OKC,Oklahoma City Thunder,0022300622,2024-01-24,OKC @ SAS,W,240,140,54,96,0.563,18,40,0.45,14,16,0.875,16,31,47,36,11,8,15,20,26.0,2023-24
22023,1610612760,OKC,Oklahoma City Thunder,0022300640,2024-01-26,OKC @ NOP,W,242,107,42,88,0.477,10,33,0.303,13,14,0.929,6,39,45,22,11,5,11,11,24.0,2023-24
22023,1610612760,OKC,Oklahoma City Thunder,0022300654,2024-01-28,OKC @ DET,L,240,104,44,92,0.478,8,28,0.286,8,12,0.667,11,32,43,17,7,5,10,18,-16.0,2023-24
22023,1610612760,OKC,Oklahoma City Thunder,0022300664,2024-01-29,OKC vs. MIN,L,241,101,35,79,0.443,14,35,0.4,17,22,0.773,8,30,38,21,5,7,12,17,-6.0,2023-24
22023,1610612760,OKC,Oklahoma City Thunder,0022300682,2024-01-31,OKC vs. DEN,W,240,105,37,87,0.425,11,26,0.423,20,25,0.8,15,38,53,24,2,9,11,14,5.0,2023-24
22023,1610612760,OKC,Oklahoma City Thunder,0022300695,2024-02-02,OKC vs. CHA,W,240,126,44,75,0.587,17,36,0.472,21,27,0.778,3,41,44,31,10,10,16,17,20.0,2023-24
22023,1610612760,OKC,Oklahoma City Thunder,0022300710,2024-02-04,OKC vs. TOR,W,290,135,52,110,0.473,23,63,0.365,8,8,1.0,14,31,45,40,6,8,10,15,8.0,2023-24
22023,1610612760,OKC,Oklahoma City Thunder,0022300724,2024-02-06,OKC @ UTA,L,239,117,43,90,0.478,19,37,0.514,12,18,0.667,9,23,32,26,9,9,11,16,-7.0,2023-24
22023,1610612760,OKC,Oklahoma City Thunder,0022300748,2024-02-10,OKC @ DAL,L,241,111,38,98,0.388,17,47,0.362,18,21,0.857,12,28,40,23,5,4,10,23,-35.0,2023-24
22023,1610612760,OKC,Oklahoma City Thunder,0022300760,2024-02-11,OKC vs. SAC,W,241,127,46,85,0.541,13,27,0.481,22,27,0.815,5,31,36,30,8,9,9,17,14.0,2023-24
22023,1610612760,OKC,Oklahoma City Thunder,0022300772,2024-02-13,OKC @ ORL,W,240,127,46,84,0.548,13,32,0.406,22,24,0.917,4,27,31,28,9,8,11,20,14.0,2023-24
22023,1610612760,OKC,Oklahoma City Thunder,0022300799,2024-02-22,OKC vs. LAC,W,241,129,50,90,0.556,17,35,0.486,12,17,0.706,8,36,44,24,9,11,12,16,22.0,2023-24
22023,1610612760,OKC,Oklahoma City Thunder,0022300809,2024-02-23,OKC vs. WAS,W,240,147,55,92,0.598,20,40,0.5,17,21,0.81,8,48,56,30,5,9,15,22,41.0,2023-24
22023,1610612760,OKC,Oklahoma City Thunder,0022300822,2024-02-25,OKC @ HOU,W,241,123,46,97,0.474,17,35,0.486,14,15,0.933,10,38,48,30,12,8,9,22,13.0,2023-24
22023,1610612760,OKC,Oklahoma City Thunder,0022300841,2024-02-27,OKC vs. HOU,W,241,112,44,93,0.473,10,27,0.37,14,18,0.778,12,43,55,19,7,8,13,14,17.0,2023-24
22023,1610612760,OKC,Oklahoma City Thunder,0022300853,2024-02-29,OKC @ SAS,L,239,118,44,89,0.494,9,31,0.29,21,22,0.955,7,30,37,20,6,2,10,15,-14.0,2023-24
22023,1610612760,OKC,Oklahoma City Thunder,0022300878,2024-03-03,OKC @ PHX,W,240,118,49,102,0.48,9,31,0.29,11,15,0.733,10,31,41,21,16,8,5,15,8.0,2023-24
22023,1610612760,OKC,Oklahoma City Thunder,0022300884,2024-03-04,OKC @ LAL,L,239,104,37,94,0.394,15,39,0.385,15,16,0.938,13,25,38,22,12,7,10,20,-12.0,2023-24
22023,1610612760,OKC,Oklahoma City Thunder,0022300900,2024-03-06,OKC @ POR,W,240,128,43,74,0.581,9,22,0.409,33,39,0.846,7,32,39,23,10,5,18,18,8.0,2023-24
22023,1610612760,OKC,Oklahoma City Thunder,0022300914,2024-03-08,OKC vs. MIA,W,238,107,42,89,0.472,12,38,0.316,11,13,0.846,9,36,45,28,5,8,9,16,7.0,2023-24
22023,1610612760,OKC,Oklahoma City Thunder,0022300931,2024-03-10,OKC vs. MEM,W,242,124,49,93,0.527,21,47,0.447,5,5,1.0,8,38,46,36,8,6,10,18,31.0,2023-24
22023,1610612760,OKC,Oklahoma City Thunder,0022300941,2024-03-12,OKC vs. IND,L,239,111,43,99,0.434,14,37,0.378,11,15,0.733,13,37,50,24,5,4,12,16,-10.0,2023-24
22023,1610612760,OKC,Oklahoma City Thunder,0022300959,2024-03-14,OKC vs. DAL,W,239,126,45,86,0.523,16,39,0.41,20,23,0.87,8,26,34,28,10,7,13,24,7.0,2023-24
22023,1610612760,OKC,Oklahoma City Thunder,0022300972,2024-03-16,OKC @ MEM,W,240,118,45,87,0.517,12,35,0.343,16,21,0.762,8,37,45,25,7,8,11,19,6.0,2023-24
22023,1610612760,OKC,Oklahoma City Thunder,0022301000,2024-03-20,OKC vs. UTA,W,240,119,43,88,0.489,10,34,0.294,23,29,0.793,10,35,45,29,10,7,10,16,12.0,2023-24
22023,1610612760,OKC,Oklahoma City Thunder,0022301012,2024-03-22,OKC @ TOR,W,240,123,48,95,0.505,12,32,0.375,15,19,0.789,13,33,46,27,17,5,15,20,20.0,2023-24
22023,1610612760,OKC,Oklahoma City Thunder,0022301030,2024-03-24,OKC @ MIL,L,238,93,33,89,0.371,10,43,0.233,17,22,0.773,10,27,37,20,9,1,12,16,-25.0,2023-24
22023,1610612760,OKC,Oklahoma City Thunder,0022301046,2024-03-26,OKC @ NOP,W,239,119,46,86,0.535,15,34,0.441,12,14,0.857,7,38,45,28,5,3,12,17,7.0,2023-24
22023,1610612760,OKC,Oklahoma City Thunder,0022301057,2024-03-27,OKC vs. HOU,L,265,126,47,96,0.49,14,38,0.368,18,24,0.75,13,36,49,26,7,7,19,24,-6.0,2023-24
22023,1610612760,OKC,Oklahoma City Thunder,0022301069,2024-03-29,OKC vs. PHX,W,240,128,49,87,0.563,16,30,0.533,14,14,1.0,7,31,38,33,7,7,10,13,25.0,2023-24
22023,1610612760,OKC,Oklahoma City Thunder,0022301082,2024-03-31,OKC @ NYK,W,241,113,44,82,0.537,13,34,0.382,12,24,0.5,9,34,43,29,6,8,12,23,1.0,2023-24
22023,1610612760,OKC,Oklahoma City Thunder,0022301093,2024-04-02,OKC @ PHI,L,240,105,37,87,0.425,13,39,0.333,18,22,0.818,12,31,43,30,10,9,14,18,-4.0,2023-24
22023,1610612760,OKC,Oklahoma City Thunder,0022301105,2024-04-03,OKC @ BOS,L,238,100,35,81,0.432,5,24,0.208,25,28,0.893,5,26,31,21,8,5,13,11,-35.0,2023-24
22023,1610612760,OKC,Oklahoma City Thunder,0022301116,2024-04-05,OKC @ IND,L,240,112,42,86,0.488,8,30,0.267,20,24,0.833,9,30,39,24,8,6,15,17,-14.0,2023-24
22023,1610612760,OKC,Oklahoma City Thunder,0022301135,2024-04-07,OKC @ CHA,W,240,121,45,87,0.517,18,36,0.5,13,17,0.765,10,26,36,33,14,4,16,17,3.0,2023-24
22023,1610612760,OKC,Oklahoma City Thunder,0022301153,2024-04-09,OKC vs. SAC,W,239,112,39,80,0.488,11,30,0.367,23,31,0.742,6,36,42,21,11,8,13,18,7.0,2023-24
22023,1610612760,OKC,Oklahoma City Thunder,0022301163,2024-04-10,OKC vs. SAS,W,241,127,47,101,0.465,16,38,0.421,17,21,0.81,7,55,62,33,12,6,12,16,38.0,2023-24
22023,1610612760,OKC,Oklahoma City Thunder,0022301179,2024-04-12,OKC vs. MIL,W,240,125,47,89,0.528,13,38,0.342,18,20,0.9,8,30,38,29,13,5,10,12,18.0,2023-24
22023,1610612760,OKC,Oklahoma City Thunder,0022301196,2024-04-14,OKC vs. DAL,W,241,135,54,97,0.557,14,34,0.412,13,16,0.813,11,47,58,38,6,6,14,17,49.0,2023-24
22024,1610612760,OKC,Oklahoma City Thunder,0022400075,2024-10-24,OKC @ DEN,W,240,102,43,101,0.426,8,36,0.222,8,12,0.667,13,36,49,23,9,13,12,15,15.0,2024-25
22024,1610612760,OKC,Oklahoma City Thunder,0022400091,2024-10-26,OKC @ CHI,W,240,114,45,107,0.421,8,40,0.2,16,20,0.8,9,45,54,21,15,5,10,18,19.0,2024-25
22024,1610612760,OKC,Oklahoma City Thunder,0022400100,2024-10-27,OKC vs. ATL,W,239,128,44,89,0.494,16,40,0.4,24,32,0.75,11,34,45,26,13,12,10,23,24.0,2024-25
22024,1610612760,OKC,Oklahoma City Thunder,0022400125,2024-10-30,OKC vs. SAS,W,242,105,41,89,0.461,17,41,0.415,6,8,0.75,5,34,39,28,18,6,10,15,12.0,2024-25
22024,1610612760,OKC,Oklahoma City Thunder,0022400140,2024-11-01,OKC @ POR,W,238,137,51,95,0.537,19,49,0.388,16,19,0.842,14,31,45,31,14,9,13,29,23.0,2024-25
22024,1610612760,OKC,Oklahoma City Thunder,0022400150,2024-11-02,OKC @ LAC,W,239,105,36,84,0.429,16,39,0.41,17,19,0.895,3,38,41,25,11,3,12,22,13.0,2024-25
22024,1610612760,OKC,Oklahoma City Thunder,0022400163,2024-11-04,OKC vs. ORL,W,240,102,39,85,0.459,12,31,0.387,12,16,0.75,5,37,42,23,12,4,15,21,16.0,2024-25
22024,1610612760,OKC,Oklahoma City Thunder,0022400177,2024-11-06,OKC @ DEN,L,240,122,44,100,0.44,16,40,0.4,18,23,0.783,13,34,47,29,15,6,14,28,-2.0,2024-25
22024,1610612760,OKC,Oklahoma City Thunder,0022400192,2024-11-08,OKC vs. HOU,W,242,126,46,90,0.511,14,37,0.378,20,23,0.87,7,34,41,24,9,8,10,23,19.0,2024-25
22024,1610612760,OKC,Oklahoma City Thunder,0022400207,2024-11-10,OKC vs. GSW,L,240,116,42,94,0.447,11,33,0.333,21,26,0.808,14,27,41,25,4,6,11,18,-11.0,2024-25
22024,1610612760,OKC,Oklahoma City Thunder,0022400215,2024-11-11,OKC vs. LAC,W,241,134,47,91,0.516,18,46,0.391,22,23,0.957,9,20,29,31,16,5,11,23,6.0,2024-25
22024,1610612760,OKC,Oklahoma City Thunder,0022400221,2024-11-13,OKC vs. NOP,W,240,106,39,88,0.443,15,39,0.385,13,16,0.813,5,26,31,20,16,7,5,17,18.0,2024-25
22024,1610612760,OKC,Oklahoma City Thunder,0022400018,2024-11-15,OKC vs. PHX,W,240,99,36,91,0.396,10,40,0.25,17,18,0.944,13,40,53,21,6,11,10,26,16.0,2024-25
22024,1610612760,OKC,Oklahoma City Thunder,0022400242,2024-11-17,OKC vs. DAL,L,240,119,43,87,0.494,14,42,0.333,19,25,0.76,7,22,29,29,11,5,6,25,-2.0,2024-25
22024,1610612760,OKC,Oklahoma City Thunder,0022400025,2024-11-19,OKC @ SAS,L,239,104,41,100,0.41,16,53,0.302,6,7,0.857,13,34,47,24,16,4,13,18,-6.0,2024-25
22024,1610612760,OKC,Oklahoma City Thunder,0022400256,2024-11-20,OKC vs. POR,W,240,109,40,91,0.44,9,31,0.29,20,23,0.87,15,31,46,24,14,8,13,20,10.0,2024-25
22024,1610612760,OKC,Oklahoma City Thunder,0022400285,2024-11-25,OKC @ SAC,W,241,130,48,86,0.558,14,31,0.452,20,25,0.8,11,33,44,28,6,3,15,18,21.0,2024-25
22024,1610612760,OKC,Oklahoma City Thunder,0022400299,2024-11-27,OKC @ GSW,W,240,105,39,85,0.459,11,37,0.297,16,26,0.615,8,40,48,26,10,9,14,21,4.0,2024-25
22024,1610612760,OKC,Oklahoma City Thunder,0022400048,2024-11-29,OKC @ LAL,W,239,101,38,93,0.409,13,40,0.325,12,16,0.75,15,32,47,20,12,3,9,17,8.0,2024-25
22024,1610612760,OKC,Oklahoma City Thunder,0022400310,2024-12-01,OKC @ HOU,L,239,116,42,94,0.447,13,39,0.333,19,25,0.76,11,35,46,30,5,4,7,26,-3.0,2024-25
22024,1610612760,OKC,Oklahoma City Thunder,0022400055,2024-12-03,OKC vs. UTA,W,241,133,53,102,0.52,17,47,0.362,10,11,0.909,15,19,34,32,18,3,8,23,27.0,2024-25
22024,1610612760,OKC,Oklahoma City Thunder,0022400328,2024-12-05,OKC @ TOR,W,240,129,49,102,0.48,17,47,0.362,14,17,0.824,13,42,55,28,15,11,6,16,37.0,2024-25
22024,1610612760,OKC,Oklahoma City Thunder,0022400342,2024-12-07,OKC @ NOP,W,240,119,45,85,0.529,12,32,0.375,17,21,0.81,10,35,45,27,13,3,18,24,10.0,2024-25
22024,1610612760,OKC,Oklahoma City Thunder,0022401203,2024-12-10,OKC vs. DAL,W,240,118,46,101,0.455,20,50,0.4,6,7,0.857,17,35,52,29,14,5,13,17,14.0,2024-25
22024,1610612760,OKC,Oklahoma City Thunder,0022400361,2024-12-19,OKC @ ORL,W,239,105,40,83,0.482,10,31,0.323,15,16,0.938,4,28,32,23,15,6,13,20,6.0,2024-25
22024,1610612760,OKC,Oklahoma City Thunder,0022400375,2024-12-20,OKC @ MIA,W,240,104,39,86,0.453,14,34,0.412,12,17,0.706,12,36,48,24,8,5,14,17,7.0,2024-25
22024,1610612760,OKC,Oklahoma City Thunder,0022400400,2024-12-23,OKC vs. WAS,W,241,123,47,106,0.443,10,38,0.263,19,22,0.864,19,40,59,25,15,9,12,18,18.0,2024-25
22024,1610612760,OKC,Oklahoma City Thunder,0022400410,2024-12-26,OKC @ IND,W,242,120,44,95,0.463,13,37,0.351,19,24,0.792,9,36,45,20,4,4,3,18,6.0,2024-25
22024,1610612760,OKC,Oklahoma City Thunder,0022400428,2024-12-28,OKC @ CHA,W,240,106,42,88,0.477,10,38,0.263,12,14,0.857,9,40,49,29,9,1,15,19,12.0,2024-25
22024,1610612760,OKC,Oklahoma City Thunder,0022400440,2024-12-29,OKC vs. MEM,W,242,130,52,103,0.505,14,44,0.318,12,12,1.0,9,36,45,35,10,9,10,24,24.0,2024-25
22024,1610612760,OKC,Oklahoma City Thunder,0022400452,2024-12-31,OKC vs. MIN,W,241,113,42,89,0.472,12,36,0.333,17,23,0.739,9,28,37,25,16,2,9,13,8.0,2024-25
22024,1610612760,OKC,Oklahoma City Thunder,0022400466,2025-01-02,OKC vs. LAC,W,240,116,43,86,0.5,14,38,0.368,16,20,0.8,4,31,35,29,11,3,9,14,18.0,2024-25
22024,1610612760,OKC,Oklahoma City Thunder,0022400473,2025-01-03,OKC vs. NYK,W,242,117,43,84,0.512,14,27,0.519,17,21,0.81,7,34,41,27,9,7,13,17,10.0,2024-25
22024,1610612760,OKC,Oklahoma City Thunder,0022400487,2025-01-05,OKC vs. BOS,W,241,105,39,87,0.448,16,38,0.421,11,13,0.846,9,37,46,22,11,6,15,18,13.0,2024-25
22024,1610612760,OKC,Oklahoma City Thunder,0022400509,2025-01-08,OKC @ CLE,L,241,122,48,90,0.533,11,31,0.355,15,17,0.882,9,29,38,35,9,5,13,24,-7.0,2024-25
22024,1610612760,OKC,Oklahoma City Thunder,0022400529,2025-01-10,OKC @ NYK,W,238,126,48,89,0.539,14,27,0.519,16,18,0.889,8,38,46,20,9,9,15,23,25.0,2024-25
22024,1610612760,OKC,Oklahoma City Thunder,0022400545,2025-01-12,OKC @ WAS,W,239,136,45,95,0.474,13,35,0.371,33,35,0.943,15,41,56,26,11,4,13,22,41.0,2024-25
22024,1610612760,OKC,Oklahoma City Thunder,0022400555,2025-01-14,OKC @ PHI,W,242,118,45,81,0.556,12,36,0.333,16,18,0.889,10,28,38,32,10,4,17,22,16.0,2024-25
22024,1610612760,OKC,Oklahoma City Thunder,0022400574,2025-01-16,OKC vs. CLE,W,240,134,53,105,0.505,18,53,0.34,10,11,0.909,8,31,39,25,12,5,6,20,20.0,2024-25
22024,1610612760,OKC,Oklahoma City Thunder,0022400583,2025-01-17,OKC @ DAL,L,240,98,35,91,0.385,20,46,0.435,8,12,0.667,14,32,46,24,7,2,15,20,-8.0,2024-25
22024,1610612760,OKC,Oklahoma City Thunder,0022400595,2025-01-19,OKC vs. BKN,W,240,127,48,87,0.552,19,43,0.442,12,13,0.923,8,35,43,37,8,5,11,19,26.0,2024-25
22024,1610612760,OKC,Oklahoma City Thunder,0022400618,2025-01-22,OKC vs. UTA,W,239,123,44,95,0.463,12,39,0.308,23,25,0.92,13,26,39,20,15,4,10,23,9.0,2024-25
22024,1610612760,OKC,Oklahoma City Thunder,0022400625,2025-01-23,OKC vs. DAL,L,240,115,42,88,0.477,15,37,0.405,16,22,0.727,8,25,33,26,9,4,12,27,-6.0,2024-25
22024,1610612760,OKC,Oklahoma City Thunder,0022400647,2025-01-26,OKC @ POR,W,242,118,42,89,0.472,10,30,0.333,24,29,0.828,14,29,43,24,7,3,7,19,10.0,2024-25
22024,1610612760,OKC,Oklahoma City Thunder,0022400673,2025-01-29,OKC @ GSW,L,239,109,40,99,0.404,9,39,0.231,20,25,0.8,17,33,50,21,8,3,11,21,-7.0,2024-25
22024,1610612760,OKC,Oklahoma City Thunder,0022400691,2025-02-01,OKC vs. SAC,W,241,144,57,107,0.533,19,46,0.413,11,16,0.688,20,50,70,37,5,6,11,18,34.0,2024-25
22024,1610612760,OKC,Oklahoma City Thunder,0022400705,2025-02-03,OKC vs. MIL,W,240,125,51,99,0.515,16,41,0.39,7,8,0.875,14,41,55,28,9,5,17,18,29.0,2024-25
22024,1610612760,OKC,Oklahoma City Thunder,0022400724,2025-02-05,OKC vs. PHX,W,241,140,52,102,0.51,12,42,0.286,24,27,0.889,17,29,46,24,15,4,5,23,31.0,2024-25
22024,1610612760,OKC,Oklahoma City Thunder,0022400739,2025-02-07,OKC vs. TOR,W,239,121,43,84,0.512,9,31,0.29,26,31,0.839,11,33,44,26,10,7,12,14,12.0,2024-25
22024,1610612760,OKC,Oklahoma City Thunder,0022400746,2025-02-08,OKC @ MEM,W,240,125,45,105,0.429,18,42,0.429,17,21,0.81,21,34,55,29,5,5,8,27,13.0,2024-25
22024,1610612760,OKC,Oklahoma City Thunder,0022400761,2025-02-10,OKC vs. NOP,W,241,137,49,95,0.516,27,55,0.491,12,16,0.75,10,35,45,29,15,8,10,20,36.0,2024-25
22024,1610612760,OKC,Oklahoma City Thunder,0022400778,2025-02-12,OKC vs. MIA,W,240,115,43,88,0.489,15,39,0.385,14,20,0.7,11,30,41,22,10,3,13,19,14.0,2024-25
22024,1610612760,OKC,Oklahoma City Thunder,0022400787,2025-02-13,OKC @ MIN,L,241,101,37,88,0.42,7,29,0.241,20,24,0.833,12,37,49,25,4,7,9,17,-15.0,2024-25
22024,1610612760,OKC,Oklahoma City Thunder,0022400804,2025-02-21,OKC @ UTA,W,241,130,46,97,0.474,19,43,0.442,19,20,0.95,17,34,51,38,10,10,12,20,23.0,2024-25
22024,1610612760,OKC,Oklahoma City Thunder,0022400820,2025-02-23,OKC @ MIN,W,239,130,48,86,0.558,19,35,0.543,15,20,0.75,7,30,37,32,9,8,13,22,7.0,2024-25
22024,1610612760,OKC,Oklahoma City Thunder,0022400826,2025-02-24,OKC vs. MIN,L,264,128,45,106,0.425,15,49,0.306,23,29,0.793,16,37,53,27,10,8,11,30,-3.0,2024-25
22024,1610612760,OKC,Oklahoma City Thunder,0022400840,2025-02-26,OKC @ BKN,W,241,129,48,90,0.533,9,30,0.3,24,29,0.828,11,34,45,27,10,4,11,21,8.0,2024-25
22024,1610612760,OKC,Oklahoma City Thunder,0022400851,2025-02-28,OKC @ ATL,W,239,135,51,101,0.505,23,50,0.46,10,12,0.833,9,34,43,37,10,1,11,18,16.0,2024-25
22024,1610612760,OKC,Oklahoma City Thunder,0022400871,2025-03-02,OKC @ SAS,W,240,146,55,101,0.545,19,44,0.432,17,20,0.85,12,33,45,34,7,6,7,16,14.0,2024-25
22024,1610612760,OKC,Oklahoma City Thunder,0022400879,2025-03-03,OKC vs. HOU,W,240,137,48,97,0.495,17,37,0.459,24,27,0.889,14,35,49,31,11,6,13,18,9.0,2024-25
22024,1610612760,OKC,Oklahoma City Thunder,0022400895,2025-03-05,OKC @ MEM,W,240,120,44,87,0.506,15,36,0.417,17,19,0.895,3,36,39,27,10,4,11,22,17.0,2024-25
22024,1610612760,OKC,Oklahoma City Thunder,0022400908,2025-03-07,OKC vs. POR,W,241,107,39,84,0.464,14,38,0.368,15,17,0.882,4,39,43,25,12,8,11,13,18.0,2024-25
22024,1610612760,OKC,Oklahoma City Thunder,0022400920,2025-03-09,OKC vs. DEN,W,240,127,46,94,0.489,13,38,0.342,22,25,0.88,10,46,56,25,5,14,5,20,24.0,2024-25
22024,1610612760,OKC,Oklahoma City Thunder,0022400936,2025-03-10,OKC vs. DEN,L,240,127,47,100,0.47,19,47,0.404,14,16,0.875,13,24,37,29,9,6,10,16,-13.0,2024-25
22024,1610612760,OKC,Oklahoma City Thunder,0022400946,2025-03-12,OKC @ BOS,W,240,118,40,82,0.488,13,37,0.351,25,35,0.714,11,33,44,19,7,2,12,17,6.0,2024-25
22024,1610612760,OKC,Oklahoma City Thunder,0022400969,2025-03-15,OKC @ DET,W,240,113,43,89,0.483,10,34,0.294,17,22,0.773,10,34,44,17,11,8,17,20,6.0,2024-25
22024,1610612760,OKC,Oklahoma City Thunder,0022400982,2025-03-16,OKC @ MIL,W,240,121,46,89,0.517,10,29,0.345,19,25,0.76,8,42,50,30,3,3,9,20,16.0,2024-25
22024,1610612760,OKC,Oklahoma City Thunder,0022401002,2025-03-19,OKC vs. PHI,W,239,133,47,90,0.522,24,52,0.462,15,20,0.75,11,44,55,36,10,5,12,12,33.0,2024-25
22024,1610612760,OKC,Oklahoma City Thunder,0022401017,2025-03-21,OKC vs. CHA,W,241,141,54,94,0.574,21,39,0.538,12,17,0.706,10,33,43,29,10,7,7,13,35.0,2024-25
22024,1610612760,OKC,Oklahoma City Thunder,0022401036,2025-03-23,OKC @ LAC,W,240,103,37,92,0.402,12,35,0.343,17,20,0.85,10,32,42,28,9,8,9,22,2.0,2024-25
22024,1610612760,OKC,Oklahoma City Thunder,0022401052,2025-03-25,OKC @ SAC,W,241,121,43,82,0.524,19,32,0.594,16,20,0.8,6,46,52,30,7,6,15,18,16.0,2024-25
22024,1610612760,OKC,Oklahoma City Thunder,0022401064,2025-03-27,OKC vs. MEM,W,239,125,44,90,0.489,13,31,0.419,24,28,0.857,7,38,45,28,9,4,12,17,21.0,2024-25
22024,1610612760,OKC,Oklahoma City Thunder,0022401079,2025-03-29,OKC vs. IND,W,241,132,48,94,0.511,17,36,0.472,19,23,0.826,8,39,47,26,9,4,9,17,21.0,2024-25
22024,1610612760,OKC,Oklahoma City Thunder,0022401094,2025-03-31,OKC vs. CHI,W,240,145,52,98,0.531,23,43,0.535,18,23,0.783,9,35,44,39,11,6,14,16,28.0,2024-25
22024,1610612760,OKC,Oklahoma City Thunder,0022401108,2025-04-02,OKC vs. DET,W,238,119,42,96,0.438,10,38,0.263,25,31,0.806,13,33,46,25,12,11,10,19,16.0,2024-25
22024,1610612760,OKC,Oklahoma City Thunder,0022401123,2025-04-04,OKC @ HOU,L,238,111,43,89,0.483,13,35,0.371,12,15,0.8,7,26,33,24,7,6,15,20,-14.0,2024-25
22024,1610612760,OKC,Oklahoma City Thunder,0022401135,2025-04-06,OKC vs. LAL,L,239,99,39,90,0.433,12,37,0.324,9,12,0.75,9,25,34,20,9,3,7,17,-27.0,2024-25
22024,1610612760,OKC,Oklahoma City Thunder,0022401153,2025-04-08,OKC vs. LAL,W,243,136,52,104,0.5,18,37,0.486,14,20,0.7,15,29,44,26,9,5,6,26,16.0,2024-25
22024,1610612760,OKC,Oklahoma City Thunder,0022401164,2025-04-09,OKC @ PHX,W,241,125,45,86,0.523,12,30,0.4,23,27,0.852,8,36,44,24,11,2,10,18,13.0,2024-25
22024,1610612760,OKC,Oklahoma City Thunder,0022401181,2025-04-11,OKC @ UTA,W,240,145,56,100,0.56,24,53,0.453,9,13,0.692,5,42,47,41,12,4,10,17,34.0,2024-25
22024,1610612760,OKC,Oklahoma City Thunder,0022401196,2025-04-13,OKC @ NOP,W,241,115,41,98,0.418,9,47,0.191,24,27,0.889,17,37,54,16,8,4,10,25,15.0,2024-25
22025,1610612760,OKC,Oklahoma City Thunder,0022500001,2025-10-21,OKC vs. HOU,W,290,125,46,104,0.442,13,52,0.25,20,25,0.8,11,27,38,29,12,4,11,27,1.0,2025-26
22025,1610612760,OKC,Oklahoma City Thunder,0022500005,2025-10-23,OKC @ IND,W,289,141,43,95,0.453,10,35,0.286,45,51,0.882,9,51,60,17,6,2,14,33,6.0,2025-26
22025,1610612760,OKC,Oklahoma City Thunder,0022500101,2025-10-25,OKC @ ATL,W,241,117,43,93,0.462,14,37,0.378,17,19,0.895,15,35,50,21,13,3,12,19,17.0,2025-26
22025,1610612760,OKC,Oklahoma City Thunder,0022500119,2025-10-27,OKC @ DAL,W,239,101,42,90,0.467,6,30,0.2,11,13,0.846,9,46,55,21,5,5,13,23,7.0,2025-26
22025,1610612760,OKC,Oklahoma City Thunder,0022500126,2025-10-28,OKC vs. SAC,W,242,107,42,92,0.457,14,44,0.318,9,10,0.9,10,34,44,26,11,10,15,19,6.0,2025-26
22025,1610612760,OKC,Oklahoma City Thunder,0022500140,2025-10-30,OKC vs. WAS,W,240,127,44,98,0.449,16,49,0.327,23,28,0.821,14,33,47,29,16,8,6,15,19.0,2025-26
22025,1610612760,OKC,Oklahoma City Thunder,0022500148,2025-11-02,OKC vs. NOP,W,240,137,47,84,0.56,20,48,0.417,23,26,0.885,8,34,42,33,12,5,11,22,31.0,2025-26
22025,1610612760,OKC,Oklahoma City Thunder,0022500170,2025-11-04,OKC @ LAC,W,242,126,45,86,0.523,18,38,0.474,18,22,0.818,8,32,40,28,12,6,10,23,19.0,2025-26
22025,1610612760,OKC,Oklahoma City Thunder,0022500180,2025-11-05,OKC @ POR,L,240,119,38,91,0.418,15,38,0.395,28,31,0.903,13,37,50,24,9,5,14,27,-2.0,2025-26
22025,1610612760,OKC,Oklahoma City Thunder,0022500038,2025-11-07,OKC @ SAC,W,239,132,49,91,0.538,13,35,0.371,21,24,0.875,8,44,52,27,9,8,11,16,31.0,2025-26
22025,1610612760,OKC,Oklahoma City Thunder,0022500194,2025-11-09,OKC @ MEM,W,239,114,41,95,0.432,10,43,0.233,22,26,0.846,9,42,51,19,10,3,6,17,14.0,2025-26
22025,1610612760,OKC,Oklahoma City Thunder,0022500210,2025-11-11,OKC vs. GSW,W,240,126,42,83,0.506,16,36,0.444,26,31,0.839,10,30,40,29,12,4,19,21,24.0,2025-26
22025,1610612760,OKC,Oklahoma City Thunder,0022500222,2025-11-12,OKC vs. LAL,W,239,121,44,88,0.5,12,39,0.308,21,23,0.913,6,36,42,28,14,4,11,19,29.0,2025-26
22025,1610612760,OKC,Oklahoma City Thunder,0022500229,2025-11-15,OKC @ CHA,W,240,109,45,89,0.506,11,23,0.478,8,10,0.8,13,37,50,26,9,6,14,15,13.0,2025-26
22025,1610612760,OKC,Oklahoma City Thunder,0022500247,2025-11-17,OKC @ NOP,W,240,126,43,87,0.494,17,42,0.405,23,28,0.821,13,25,38,30,12,6,16,20,17.0,2025-26
22025,1610612760,OKC,Oklahoma City Thunder,0022500261,2025-11-19,OKC vs. SAC,W,242,113,41,88,0.466,10,38,0.263,21,23,0.913,9,36,45,22,9,10,16,21,14.0,2025-26
22025,1610612760,OKC,Oklahoma City Thunder,0022500055,2025-11-21,OKC @ UTA,W,240,144,51,83,0.614,23,37,0.622,19,25,0.76,3,23,26,36,15,4,13,16,32.0,2025-26
22025,1610612760,OKC,Oklahoma City Thunder,0022500280,2025-11-23,OKC vs. POR,W,241,122,45,85,0.529,15,36,0.417,17,23,0.739,12,37,49,33,9,8,14,23,27.0,2025-26
22025,1610612760,OKC,Oklahoma City Thunder,0022500064,2025-11-26,OKC vs. MIN,W,241,113,38,80,0.475,7,26,0.269,30,38,0.789,5,34,39,19,8,3,7,25,8.0,2025-26
22025,1610612760,OKC,Oklahoma City Thunder,0022500075,2025-11-28,OKC vs. PHX,W,240,123,42,87,0.483,15,32,0.469,24,28,0.857,3,34,37,27,9,3,10,22,4.0,2025-26
22025,1610612760,OKC,Oklahoma City Thunder,0022500305,2025-11-30,OKC @ POR,W,240,123,44,90,0.489,10,29,0.345,25,32,0.781,8,41,49,27,7,9,12,29,8.0,2025-26
22025,1610612760,OKC,Oklahoma City Thunder,0022500323,2025-12-02,OKC @ GSW,W,241,124,46,79,0.582,15,32,0.469,17,23,0.739,4,37,41,24,8,5,15,13,12.0,2025-26
22025,1610612760,OKC,Oklahoma City Thunder,0022500349,2025-12-05,OKC vs. DAL,W,242,132,47,84,0.56,12,30,0.4,26,28,0.929,7,36,43,30,5,3,6,21,21.0,2025-26
22025,1610612760,OKC,Oklahoma City Thunder,0022500363,2025-12-07,OKC @ UTA,W,240,131,51,88,0.58,21,42,0.5,8,18,0.444,8,36,44,32,9,3,13,20,30.0,2025-26
22025,1610612760,OKC,Oklahoma City Thunder,0022501203,2025-12-10,OKC vs. PHX,W,242,138,52,88,0.591,22,40,0.55,12,13,0.923,6,37,43,32,14,7,14,14,49.0,2025-26
22025,1610612760,OKC,Oklahoma City Thunder,0022500369,2025-12-18,OKC vs. LAC,W,241,122,48,101,0.475,13,36,0.361,13,16,0.813,9,29,38,28,18,4,8,19,21.0,2025-26
22025,1610612760,OKC,Oklahoma City Thunder,0022500385,2025-12-19,OKC @ MIN,L,241,107,34,92,0.37,11,39,0.282,28,30,0.933,13,39,52,16,7,10,11,30,-5.0,2025-26
22025,1610612760,OKC,Oklahoma City Thunder,0022500406,2025-12-22,OKC vs. MEM,W,239,119,46,94,0.489,15,39,0.385,12,14,0.857,9,37,46,20,14,4,13,18,16.0,2025-26
22025,1610612760,OKC,Oklahoma City Thunder,0022500417,2025-12-23,OKC @ SAS,L,239,110,46,85,0.541,12,30,0.4,6,7,0.857,9,27,36,23,5,1,13,17,-20.0,2025-26
22025,1610612760,OKC,Oklahoma City Thunder,0022500010,2025-12-25,OKC vs. SAS,L,242,102,37,95,0.389,11,44,0.25,17,25,0.68,16,32,48,23,7,6,7,18,-15.0,2025-26
22025,1610612760,OKC,Oklahoma City Thunder,0022500442,2025-12-28,OKC vs. PHI,W,241,129,50,87,0.575,10,28,0.357,19,25,0.76,9,26,35,27,12,6,13,18,25.0,2025-26
22025,1610612760,OKC,Oklahoma City Thunder,0022500455,2025-12-29,OKC vs. ATL,W,241,140,53,98,0.541,12,32,0.375,22,23,0.957,10,39,49,27,9,7,13,18,11.0,2025-26
22025,1610612760,OKC,Oklahoma City Thunder,0022500470,2025-12-31,OKC vs. POR,W,242,124,44,90,0.489,16,49,0.327,20,26,0.769,5,36,41,29,15,10,14,18,29.0,2025-26
22025,1610612760,OKC,Oklahoma City Thunder,0022500484,2026-01-02,OKC @ GSW,W,240,131,48,92,0.522,16,38,0.421,19,19,1.0,9,42,51,34,10,5,13,21,37.0,2025-26
22025,1610612760,OKC,Oklahoma City Thunder,0022500499,2026-01-04,OKC @ PHX,L,240,105,39,82,0.476,10,32,0.313,17,19,0.895,2,27,29,20,2,4,9,20,-3.0,2025-26
22025,1610612760,OKC,Oklahoma City Thunder,0022500506,2026-01-05,OKC vs. CHA,L,240,97,34,93,0.366,11,39,0.282,18,27,0.667,13,20,33,18,14,5,7,14,-27.0,2025-26
22025,1610612760,OKC,Oklahoma City Thunder,0022500525,2026-01-07,OKC vs. UTA,W,265,129,44,101,0.436,7,38,0.184,34,42,0.81,12,39,51,26,14,11,11,21,4.0,2025-26
22025,1610612760,OKC,Oklahoma City Thunder,0022500536,2026-01-09,OKC @ MEM,W,240,117,43,91,0.473,9,37,0.243,22,28,0.786,10,26,36,24,9,8,6,22,1.0,2025-26
22025,1610612760,OKC,Oklahoma City Thunder,0022500553,2026-01-11,OKC vs. MIA,W,240,124,47,93,0.505,10,34,0.294,20,28,0.714,14,32,46,23,12,5,13,18,12.0,2025-26
22025,1610612760,OKC,Oklahoma City Thunder,0022500568,2026-01-13,OKC vs. SAS,W,239,119,42,81,0.519,11,30,0.367,24,27,0.889,5,38,43,26,7,11,11,23,21.0,2025-26
22025,1610612760,OKC,Oklahoma City Thunder,0022500581,2026-01-15,OKC @ HOU,W,240,111,41,89,0.461,16,41,0.39,13,15,0.867,7,37,44,25,9,12,11,16,20.0,2025-26
22025,1610612760,OKC,Oklahoma City Thunder,0022500597,2026-01-17,OKC @ MIA,L,241,120,42,77,0.545,13,29,0.448,23,28,0.821,5,41,46,23,3,6,14,19,-2.0,2025-26
22025,1610612760,OKC,Oklahoma City Thunder,0022500015,2026-01-19,OKC @ CLE,W,242,136,50,90,0.556,23,47,0.489,13,20,0.65,6,32,38,32,11,6,11,24,32.0,2025-26
22025,1610612760,OKC,Oklahoma City Thunder,0022500625,2026-01-21,OKC @ MIL,W,240,122,49,90,0.544,14,36,0.389,10,15,0.667,7,35,42,24,12,3,8,11,20.0,2025-26
22025,1610612760,OKC,Oklahoma City Thunder,0022500641,2026-01-23,OKC vs. IND,L,239,114,40,82,0.488,7,26,0.269,27,30,0.9,4,37,41,18,4,8,9,22,-3.0,2025-26
22025,1610612760,OKC,Oklahoma City Thunder,0022500653,2026-01-25,OKC vs. TOR,L,239,101,33,75,0.44,11,43,0.256,24,31,0.774,5,32,37,21,5,5,11,17,-2.0,2025-26
22025,1610612760,OKC,Oklahoma City Thunder,0022500667,2026-01-27,OKC vs. NOP,W,239,104,35,87,0.402,13,38,0.342,21,23,0.913,13,40,53,25,4,9,16,15,9.0,2025-26
22025,1610612760,OKC,Oklahoma City Thunder,0022500686,2026-01-29,OKC @ MIN,L,239,111,41,86,0.477,11,31,0.355,18,20,0.9,11,25,36,27,11,5,15,15,-12.0,2025-26
22025,1610612760,OKC,Oklahoma City Thunder,0022500711,2026-02-01,OKC @ DEN,W,241,121,40,85,0.471,19,48,0.396,22,27,0.815,12,27,39,23,12,6,13,21,10.0,2025-26
22025,1610612760,OKC,Oklahoma City Thunder,0022500723,2026-02-03,OKC vs. ORL,W,240,128,48,93,0.516,12,35,0.343,20,26,0.769,14,38,52,33,12,1,10,15,36.0,2025-26
22025,1610612760,OKC,Oklahoma City Thunder,0022500730,2026-02-04,OKC @ SAS,L,240,106,37,93,0.398,19,47,0.404,13,14,0.929,9,37,46,26,10,9,14,16,-10.0,2025-26
22025,1610612760,OKC,Oklahoma City Thunder,0022500748,2026-02-07,OKC vs. HOU,L,239,106,37,82,0.451,14,36,0.389,18,28,0.643,13,29,42,25,10,2,16,20,-6.0,2025-26
22025,1610612760,OKC,Oklahoma City Thunder,0022500769,2026-02-09,OKC @ LAL,W,240,119,42,87,0.483,14,33,0.424,21,29,0.724,14,31,45,23,12,4,15,19,9.0,2025-26
22025,1610612760,OKC,Oklahoma City Thunder,0022500785,2026-02-11,OKC @ PHX,W,241,136,52,89,0.584,15,36,0.417,17,19,0.895,8,29,37,28,6,3,8,8,27.0,2025-26
22025,1610612760,OKC,Oklahoma City Thunder,0022500789,2026-02-12,OKC vs. MIL,L,239,93,31,83,0.373,15,45,0.333,16,20,0.8,14,33,47,22,3,6,16,8,-17.0,2025-26
22025,1610612760,OKC,Oklahoma City Thunder,0022500808,2026-02-20,OKC vs. BKN,W,240,105,35,83,0.422,13,35,0.371,22,25,0.88,13,34,47,22,11,4,18,19,19.0,2025-26
22025,1610612760,OKC,Oklahoma City Thunder,0022500817,2026-02-22,OKC vs. CLE,W,240,121,42,86,0.488,21,41,0.512,16,25,0.64,13,31,44,32,12,4,16,19,8.0,2025-26
22025,1610612760,OKC,Oklahoma City Thunder,0022500834,2026-02-24,OKC @ TOR,W,241,116,45,95,0.474,16,40,0.4,10,12,0.833,12,37,49,26,10,5,16,19,9.0,2025-26
22025,1610612760,OKC,Oklahoma City Thunder,0022500842,2026-02-25,OKC @ DET,L,240,116,39,96,0.406,18,49,0.367,20,21,0.952,12,25,37,28,7,3,13,20,-8.0,2025-26
22025,1610612760,OKC,Oklahoma City Thunder,0022500862,2026-02-27,OKC vs. DEN,W,265,127,46,99,0.465,12,35,0.343,23,27,0.852,8,48,56,29,14,10,12,16,6.0,2025-26
22025,1610612760,OKC,Oklahoma City Thunder,0022500876,2026-03-01,OKC @ DAL,W,240,100,41,92,0.446,8,39,0.205,10,15,0.667,7,39,46,22,9,8,8,17,13.0,2025-26
22025,1610612760,OKC,Oklahoma City Thunder,0022500889,2026-03-03,OKC @ CHI,W,241,116,43,99,0.434,10,42,0.238,20,24,0.833,12,39,51,23,10,3,9,13,8.0,2025-26
22025,1610612760,OKC,Oklahoma City Thunder,0022500893,2026-03-04,OKC @ NYK,W,239,103,33,73,0.452,16,42,0.381,21,25,0.84,3,35,38,21,8,0,15,22,3.0,2025-26
22025,1610612760,OKC,Oklahoma City Thunder,0022500920,2026-03-07,OKC vs. GSW,W,240,104,33,78,0.423,15,42,0.357,23,24,0.958,7,35,42,24,7,1,14,18,7.0,2025-26
22025,1610612760,OKC,Oklahoma City Thunder,0022500933,2026-03-09,OKC vs. DEN,W,240,129,47,93,0.505,19,47,0.404,16,21,0.762,3,34,37,27,3,9,3,20,3.0,2025-26
22025,1610612760,OKC,Oklahoma City Thunder,0022500959,2026-03-12,OKC vs. BOS,W,240,104,40,84,0.476,11,44,0.25,13,17,0.765,11,28,39,22,7,4,12,18,2.0,2025-26
22025,1610612760,OKC,Oklahoma City Thunder,0022500976,2026-03-15,OKC vs. MIN,W,241,116,42,101,0.416,15,40,0.375,17,19,0.895,15,29,44,28,16,6,7,16,13.0,2025-26
22025,1610612760,OKC,Oklahoma City Thunder,0022500992,2026-03-17,OKC @ ORL,W,240,113,40,90,0.444,9,29,0.31,24,27,0.889,11,42,53,19,8,3,10,16,5.0,2025-26
22025,1610612760,OKC,Oklahoma City Thunder,0022501000,2026-03-18,OKC @ BKN,W,242,121,45,85,0.529,14,35,0.4,17,22,0.773,9,36,45,26,16,5,17,20,29.0,2025-26
22025,1610612760,OKC,Oklahoma City Thunder,0022501022,2026-03-21,OKC @ WAS,W,242,132,50,93,0.538,11,30,0.367,21,30,0.7,17,38,55,31,6,6,13,16,21.0,2025-26
22025,1610612760,OKC,Oklahoma City Thunder,0022501040,2026-03-23,OKC @ PHI,W,241,123,48,90,0.533,18,41,0.439,9,10,0.9,11,37,48,33,6,10,15,15,20.0,2025-26
22025,1610612760,OKC,Oklahoma City Thunder,0022501054,2026-03-25,OKC @ BOS,L,240,109,38,80,0.475,12,37,0.324,21,26,0.808,4,31,35,17,7,3,7,22,-10.0,2025-26
22025,1610612760,OKC,Oklahoma City Thunder,0022501070,2026-03-27,OKC vs. CHI,W,239,131,47,101,0.465,14,45,0.311,23,31,0.742,15,43,58,29,9,9,9,19,18.0,2025-26
22025,1610612760,OKC,Oklahoma City Thunder,0022501089,2026-03-29,OKC vs. NYK,W,240,111,35,75,0.467,10,28,0.357,31,38,0.816,12,27,39,21,10,0,13,22,11.0,2025-26
22025,1610612760,OKC,Oklahoma City Thunder,0022501097,2026-03-30,OKC vs. DET,W,266,114,38,81,0.469,10,34,0.294,28,32,0.875,6,36,42,17,9,6,17,24,4.0,2025-26
22025,1610612760,OKC,Oklahoma City Thunder,0022501116,2026-04-02,OKC vs. LAL,W,240,139,55,102,0.539,19,42,0.452,10,13,0.769,13,37,50,32,12,5,10,18,43.0,2025-26
22025,1610612760,OKC,Oklahoma City Thunder,0022501139,2026-04-05,OKC vs. UTA,W,239,146,54,92,0.587,24,45,0.533,14,16,0.875,8,38,46,40,8,8,15,13,35.0,2025-26
22025,1610612760,OKC,Oklahoma City Thunder,0022501155,2026-04-07,OKC @ LAL,W,240,123,45,89,0.506,21,41,0.512,12,14,0.857,10,36,46,29,15,2,12,21,36.0,2025-26
22025,1610612760,OKC,Oklahoma City Thunder,0022501163,2026-04-08,OKC @ LAC,W,240,128,48,83,0.578,13,34,0.382,19,24,0.792,6,38,44,30,9,7,13,23,18.0,2025-26
22025,1610612760,OKC,Oklahoma City Thunder,0022501182,2026-04-10,OKC @ DEN,L,239,107,42,99,0.424,14,44,0.318,9,12,0.75,15,31,46,25,11,1,13,15,-20.0,2025-26
22025,1610612760,OKC,Oklahoma City Thunder,0022501196,2026-04-12,OKC vs. PHX,L,240,103,41,95,0.432,18,46,0.391,3,9,0.333,9,27,36,32,9,7,10,8,-32.0,2025-26
